-- MySQL dump 10.13  Distrib 8.0.36, for Linux (x86_64)
--
-- Host: localhost    Database: little_lemon_capstone_project
-- ------------------------------------------------------
-- Server version	8.0.36

/*!40101 SET @OLD_CHARACTER_SET_CLIENT=@@CHARACTER_SET_CLIENT */;
/*!40101 SET @OLD_CHARACTER_SET_RESULTS=@@CHARACTER_SET_RESULTS */;
/*!40101 SET @OLD_COLLATION_CONNECTION=@@COLLATION_CONNECTION */;
/*!50503 SET NAMES utf8mb4 */;
/*!40103 SET @OLD_TIME_ZONE=@@TIME_ZONE */;
/*!40103 SET TIME_ZONE='+00:00' */;
/*!40014 SET @OLD_UNIQUE_CHECKS=@@UNIQUE_CHECKS, UNIQUE_CHECKS=0 */;
/*!40014 SET @OLD_FOREIGN_KEY_CHECKS=@@FOREIGN_KEY_CHECKS, FOREIGN_KEY_CHECKS=0 */;
/*!40101 SET @OLD_SQL_MODE=@@SQL_MODE, SQL_MODE='NO_AUTO_VALUE_ON_ZERO' */;
/*!40111 SET @OLD_SQL_NOTES=@@SQL_NOTES, SQL_NOTES=0 */;

--
-- Table structure for table `Bookings`
--

DROP TABLE IF EXISTS `Bookings`;
/*!40101 SET @saved_cs_client     = @@character_set_client */;
/*!50503 SET character_set_client = utf8mb4 */;
CREATE TABLE `Bookings` (
  `BookingID` int NOT NULL AUTO_INCREMENT,
  `TableNumber` int NOT NULL,
  `BookingReceivedAt` timestamp NOT NULL DEFAULT CURRENT_TIMESTAMP,
  `BookingDate` datetime NOT NULL,
  `CustomerID` int NOT NULL,
  `EmployeeID` int NOT NULL,
  PRIMARY KEY (`BookingID`),
  UNIQUE KEY `BookingID_UNIQUE` (`BookingID`),
  KEY `fk_Bookings_1_idx` (`CustomerID`),
  KEY `fk_Bookings_2_idx` (`EmployeeID`),
  KEY `fk_Bookings_3_idx` (`TableNumber`),
  CONSTRAINT `fk_Bookings_1` FOREIGN KEY (`CustomerID`) REFERENCES `Customers` (`CustomerID`),
  CONSTRAINT `fk_Bookings_2` FOREIGN KEY (`EmployeeID`) REFERENCES `Staff` (`EmployeeID`),
  CONSTRAINT `fk_Bookings_3` FOREIGN KEY (`TableNumber`) REFERENCES `Tables` (`TableID`)
) ENGINE=InnoDB AUTO_INCREMENT=867 DEFAULT CHARSET=utf8mb3;
/*!40101 SET character_set_client = @saved_cs_client */;

--
-- Dumping data for table `Bookings`
--

LOCK TABLES `Bookings` WRITE;
/*!40000 ALTER TABLE `Bookings` DISABLE KEYS */;
INSERT INTO `Bookings` VALUES (1,6,'2024-04-19 14:25:16','2024-04-20 14:30:00',10,6),(2,8,'2024-04-19 14:25:56','2024-04-20 12:00:00',2,7),(3,3,'2024-04-19 14:34:16','2024-04-19 20:00:00',1,7),(4,4,'2024-04-19 14:34:54','2024-04-19 17:30:00',15,7),(5,5,'2024-04-19 14:37:18','2024-04-21 18:00:00',5,6),(6,2,'2024-04-19 14:40:46','2024-04-21 11:00:00',22,6),(7,6,'2024-04-19 14:43:39','2024-04-19 21:00:00',12,7),(8,2,'2024-04-19 14:56:12','2024-04-19 20:30:00',18,6),(9,2,'2024-04-19 14:56:59','2024-04-20 19:30:00',22,6),(10,1,'2024-04-19 14:57:27','2024-04-19 21:30:00',19,7),(20,5,'2024-04-22 07:23:46','2024-04-20 14:20:00',28,7),(23,6,'2024-04-22 19:36:14','2024-04-23 13:30:00',18,7),(29,4,'2021-10-26 14:36:02','2021-10-28 10:39:40',111,6),(40,7,'2023-09-16 17:01:52','2023-09-17 18:04:02',202,7),(41,8,'2021-01-07 06:51:39','2021-01-07 18:40:49',77,7),(42,4,'2021-12-12 06:13:32','2021-12-13 18:20:12',182,7),(43,9,'2022-02-13 22:09:32','2022-02-16 19:40:40',223,7),(44,9,'2023-07-29 22:28:41','2023-08-01 21:46:03',46,6),(45,1,'2024-03-04 08:44:04','2024-03-05 17:45:30',12,6),(46,5,'2022-03-21 11:11:02','2022-03-21 22:05:29',51,7),(48,7,'2023-06-19 07:26:48','2023-06-20 10:08:00',72,7),(49,9,'2022-04-14 17:20:57','2022-04-15 21:41:40',69,6),(50,1,'2024-01-15 01:33:49','2024-01-15 17:45:30',12,7),(51,4,'2021-12-02 15:12:10','2021-12-04 19:39:17',61,6),(52,8,'2022-05-28 02:29:51','2022-05-29 18:17:40',2,6),(53,1,'2023-05-27 00:50:49','2023-05-27 16:41:37',101,6),(54,8,'2023-12-09 18:21:28','2023-12-10 12:24:21',49,6),(55,8,'2024-04-10 02:04:01','2024-04-10 21:15:22',12,6),(56,3,'2021-06-13 19:51:54','2021-06-15 15:51:08',77,6),(57,3,'2023-10-10 20:37:59','2023-10-13 13:53:50',207,6),(58,8,'2024-04-12 20:19:42','2024-04-15 09:30:00',12,6),(59,8,'2024-04-07 10:24:55','2024-04-10 11:35:30',10,6),(60,5,'2023-02-26 20:21:03','2023-02-28 12:01:56',17,7),(61,2,'2022-11-05 12:26:10','2022-11-05 19:39:44',71,7),(62,3,'2022-12-29 03:32:24','2022-12-30 16:28:02',41,6),(63,4,'2021-12-25 13:02:47','2021-12-27 20:37:09',215,7),(64,8,'2023-02-05 08:02:04','2023-02-05 21:00:40',158,6),(65,5,'2022-09-28 09:59:25','2022-09-29 14:47:17',189,6),(66,4,'2021-07-17 07:11:38','2021-07-18 12:05:01',65,7),(67,7,'2021-06-21 19:14:26','2021-06-22 21:31:33',203,7),(68,5,'2021-03-28 16:53:07','2021-03-30 14:15:45',38,6),(69,3,'2024-04-13 02:10:24','2024-04-15 09:40:55',8,7),(70,7,'2022-02-26 22:41:01','2022-02-28 22:17:46',138,6),(71,2,'2021-11-19 22:33:22','2021-11-21 19:47:41',149,6),(72,6,'2021-10-14 12:46:18','2021-10-17 13:16:25',173,6),(73,9,'2022-12-24 15:31:04','2022-12-27 10:20:32',128,6),(74,2,'2021-10-05 13:30:12','2021-10-08 12:26:07',102,6),(75,5,'2021-05-05 03:53:05','2021-05-06 20:29:35',99,7),(76,6,'2024-04-19 08:00:12','2024-04-20 17:45:30',12,6),(77,9,'2024-04-23 21:59:26','2024-04-24 19:49:37',26,6),(78,7,'2021-03-11 08:03:51','2021-03-12 20:47:42',203,7),(79,9,'2022-11-17 05:05:25','2022-11-17 18:50:59',141,7),(80,2,'2021-06-22 06:48:05','2021-06-22 20:12:48',155,7),(81,5,'2022-12-14 14:14:12','2022-12-16 21:44:56',199,7),(82,3,'2021-12-21 16:28:18','2021-12-23 22:03:30',139,6),(83,8,'2021-07-04 13:25:31','2021-07-06 20:29:44',214,7),(84,1,'2021-12-30 03:51:36','2021-12-31 18:42:52',47,6),(85,4,'2021-06-30 07:13:17','2021-07-01 10:20:08',89,7),(86,8,'2024-02-16 14:31:05','2024-02-18 13:50:45',12,6),(88,4,'2022-03-23 06:08:23','2022-03-24 22:09:32',190,6),(90,3,'2021-09-21 06:01:31','2021-09-23 22:19:25',95,7),(91,8,'2021-11-08 10:14:52','2021-11-10 17:59:30',142,6),(92,10,'2022-05-05 14:24:49','2022-05-08 14:52:09',91,6),(93,6,'2023-03-09 22:09:44','2023-03-11 15:42:16',185,6),(94,1,'2022-03-15 01:08:39','2022-03-16 11:57:50',167,7),(95,1,'2023-11-06 19:32:15','2023-11-08 12:20:32',153,6),(96,4,'2023-01-11 02:04:28','2023-01-12 11:34:01',26,7),(98,8,'2022-12-13 08:00:25','2022-12-15 13:44:53',49,6),(99,7,'2022-11-20 10:49:30','2022-11-22 14:29:06',81,6),(100,7,'2023-07-21 10:31:13','2023-07-21 18:17:00',15,6),(101,7,'2023-05-15 03:34:53','2023-05-16 16:36:10',52,6),(102,6,'2023-11-30 16:10:45','2023-12-01 14:56:38',30,7),(103,6,'2022-11-13 17:46:59','2022-11-15 14:58:08',25,7),(104,7,'2022-10-02 01:06:12','2022-10-04 19:31:33',120,6),(105,8,'2022-05-07 18:45:49','2022-05-08 11:14:01',77,6),(107,10,'2021-10-19 06:35:08','2021-10-19 13:21:08',121,6),(108,5,'2022-09-21 19:36:42','2022-09-24 20:29:23',196,7),(109,1,'2021-05-31 00:34:18','2021-06-02 16:31:47',11,7),(110,9,'2023-06-22 04:58:11','2023-06-23 17:01:39',160,6),(111,6,'2022-07-17 13:38:59','2022-07-19 22:27:33',129,6),(112,6,'2021-09-04 20:27:01','2021-09-05 21:23:08',147,6),(113,5,'2021-11-07 09:40:22','2021-11-09 18:57:23',60,6),(114,10,'2022-01-22 01:49:19','2022-01-22 15:53:58',225,7),(115,1,'2023-04-29 07:47:03','2023-05-01 20:01:47',48,6),(116,9,'2024-04-17 21:16:30','2024-04-19 19:55:55',25,7),(117,3,'2022-04-02 07:25:58','2022-04-04 14:51:10',131,7),(118,5,'2021-03-16 08:12:28','2021-03-18 14:21:04',229,7),(119,2,'2023-09-11 08:22:54','2023-09-12 14:51:04',169,6),(120,5,'2021-10-19 11:46:48','2021-10-21 12:32:38',68,7),(121,7,'2023-05-22 10:24:23','2023-05-22 17:11:25',64,6),(122,2,'2021-07-30 21:17:08','2021-07-31 19:42:57',65,7),(123,5,'2024-01-14 00:43:24','2024-01-15 10:35:20',15,7),(124,5,'2021-11-06 12:37:36','2021-11-07 15:39:41',105,7),(125,5,'2023-11-28 02:08:24','2023-11-30 18:38:19',177,7),(126,3,'2022-12-12 15:29:09','2022-12-14 17:20:48',211,6),(127,6,'2022-01-15 05:24:26','2022-01-15 19:58:45',21,6),(128,4,'2021-02-02 22:34:22','2021-02-05 21:37:10',37,7),(129,3,'2023-02-06 03:36:29','2023-02-08 17:00:33',144,6),(130,1,'2021-04-15 16:44:52','2021-04-18 14:40:00',23,7),(131,8,'2023-12-21 09:08:16','2023-12-21 17:06:34',57,7),(132,3,'2021-11-17 07:45:39','2021-11-17 14:58:26',40,7),(133,5,'2023-05-22 07:31:34','2023-05-24 12:46:21',18,7),(134,7,'2021-04-23 16:22:52','2021-04-25 11:34:01',82,7),(136,5,'2024-03-18 12:04:41','2024-03-20 11:35:30',18,6),(137,2,'2024-01-09 18:18:42','2024-01-10 15:15:10',23,6),(138,9,'2022-11-08 17:36:34','2022-11-09 17:31:37',23,6),(139,9,'2022-10-18 07:23:47','2022-10-18 22:02:19',119,7),(140,9,'2022-05-24 06:44:20','2022-05-25 11:48:57',58,6),(141,1,'2021-07-07 17:09:53','2021-07-10 14:02:56',103,6),(142,5,'2021-03-25 16:11:07','2021-03-28 15:30:09',29,7),(143,3,'2021-11-26 14:42:23','2021-11-27 16:11:07',124,6),(144,2,'2022-09-18 18:25:06','2022-09-19 19:51:36',39,6),(145,9,'2022-07-17 02:34:55','2022-07-17 19:57:53',192,6),(148,10,'2022-03-30 05:27:40','2022-03-30 22:57:27',72,7),(149,7,'2024-02-24 19:05:20','2024-02-25 07:15:30',30,7),(152,5,'2022-08-06 14:24:33','2022-08-08 10:32:21',154,7),(153,3,'2022-08-04 10:20:55','2022-08-05 19:02:12',21,7),(155,2,'2021-11-01 03:28:54','2021-11-01 19:51:59',98,6),(156,2,'2022-01-12 20:36:02','2022-01-13 14:21:37',24,6),(158,10,'2021-04-03 16:11:05','2021-04-06 10:49:21',69,6),(164,5,'2023-02-01 00:45:14','2023-02-02 15:31:30',197,7),(165,9,'2022-05-07 09:09:03','2022-05-09 14:03:50',87,6),(166,4,'2021-12-03 17:59:53','2021-12-05 22:44:41',42,7),(167,6,'2024-04-08 18:10:32','2024-04-10 09:40:55',25,6),(168,8,'2022-05-21 23:55:01','2022-05-22 20:46:07',92,7),(169,2,'2023-09-22 13:48:08','2023-09-24 20:17:51',14,6),(173,2,'2022-09-29 23:58:53','2022-10-02 20:59:15',41,6),(174,6,'2022-03-03 02:03:06','2022-03-03 20:05:42',165,7),(175,10,'2023-03-01 15:28:55','2023-03-04 13:30:32',136,7),(176,3,'2023-01-04 10:28:32','2023-01-05 12:15:41',3,7),(178,6,'2023-05-26 20:59:33','2023-05-29 11:08:50',128,6),(179,10,'2023-12-19 14:32:58','2023-12-19 18:44:20',53,7),(180,8,'2022-02-21 16:05:15','2022-02-22 14:37:09',228,7),(182,9,'2021-09-21 02:55:41','2021-09-22 10:16:25',58,6),(183,7,'2022-02-19 12:26:32','2022-02-20 21:45:44',41,6),(185,3,'2023-09-09 04:50:18','2023-09-11 21:03:41',62,6),(186,6,'2021-03-07 23:25:46','2021-03-09 18:03:58',173,7),(187,2,'2022-10-01 11:54:44','2022-10-03 10:58:36',196,7),(188,6,'2022-09-10 14:30:20','2022-09-11 15:57:58',102,6),(189,10,'2022-01-29 12:36:43','2022-01-31 18:02:18',132,6),(190,9,'2023-11-01 18:13:47','2023-11-04 12:09:53',83,6),(192,5,'2023-06-30 07:58:48','2023-07-01 15:44:55',111,7),(193,4,'2023-02-25 20:22:39','2023-02-27 22:22:48',151,7),(194,1,'2022-09-18 11:02:01','2022-09-20 17:22:08',195,7),(195,10,'2022-10-13 21:37:09','2022-10-14 19:04:31',155,6),(196,2,'2021-03-10 09:43:19','2021-03-12 17:33:00',22,6),(197,3,'2021-12-10 17:07:38','2021-12-12 19:15:26',111,6),(198,9,'2021-04-14 18:52:29','2021-04-15 20:11:35',200,7),(199,6,'2022-07-05 21:17:47','2022-07-08 21:19:15',68,6),(203,5,'2021-05-22 20:26:07','2021-05-23 15:04:01',204,7),(205,3,'2022-03-05 03:59:25','2022-03-06 19:19:44',182,6),(206,9,'2024-03-18 23:43:06','2024-03-20 17:45:30',20,6),(209,9,'2024-01-24 03:54:25','2024-01-25 11:35:30',18,6),(211,7,'2023-01-05 04:22:37','2023-01-05 20:49:47',7,7),(212,1,'2022-03-04 19:42:59','2022-03-05 12:03:33',35,6),(213,6,'2021-02-27 03:31:51','2021-02-28 16:07:54',99,7),(215,8,'2023-10-23 20:22:00','2023-10-25 10:28:56',83,6),(216,10,'2021-09-13 09:23:50','2021-09-14 18:16:43',69,6),(218,7,'2023-08-13 11:03:08','2023-08-14 11:55:48',168,6),(220,8,'2023-04-15 12:54:14','2023-04-17 15:56:09',153,7),(223,6,'2023-07-07 00:46:51','2023-07-08 19:38:23',152,7),(224,1,'2021-08-24 00:25:52','2021-08-25 14:40:05',192,7),(225,8,'2021-04-06 05:58:52','2021-04-07 22:32:10',188,7),(226,8,'2023-03-08 13:26:57','2023-03-09 15:43:05',19,7),(227,1,'2022-06-08 23:51:30','2022-06-09 21:31:54',121,7),(231,1,'2021-01-12 08:50:38','2021-01-12 14:13:34',99,6),(232,7,'2021-01-25 06:39:15','2021-01-25 16:27:09',227,7),(233,10,'2021-04-03 00:30:48','2021-04-04 14:55:10',71,7),(236,6,'2021-07-05 17:49:54','2021-07-06 19:20:42',39,7),(237,10,'2024-03-27 17:52:54','2024-03-29 23:15:48',29,6),(238,3,'2021-06-05 01:21:16','2021-06-06 11:01:25',220,6),(240,9,'2022-08-27 00:37:02','2022-08-29 16:51:53',154,6),(241,8,'2021-01-16 02:35:15','2021-01-17 22:25:15',214,7),(243,2,'2023-09-27 05:22:12','2023-09-27 20:09:27',40,7);
/*!40000 ALTER TABLE `Bookings` ENABLE KEYS */;
UNLOCK TABLES;

--
-- Table structure for table `Cuisine`
--

DROP TABLE IF EXISTS `Cuisine`;
/*!40101 SET @saved_cs_client     = @@character_set_client */;
/*!50503 SET character_set_client = utf8mb4 */;
CREATE TABLE `Cuisine` (
  `CuisineID` int NOT NULL AUTO_INCREMENT,
  `Cuisine` varchar(45) NOT NULL,
  PRIMARY KEY (`CuisineID`)
) ENGINE=InnoDB AUTO_INCREMENT=9 DEFAULT CHARSET=utf8mb3;
/*!40101 SET character_set_client = @saved_cs_client */;

--
-- Dumping data for table `Cuisine`
--

LOCK TABLES `Cuisine` WRITE;
/*!40000 ALTER TABLE `Cuisine` DISABLE KEYS */;
INSERT INTO `Cuisine` VALUES (1,'Italian'),(2,'French'),(3,'Japanese'),(4,'Mexican');
/*!40000 ALTER TABLE `Cuisine` ENABLE KEYS */;
UNLOCK TABLES;

--
-- Table structure for table `Customers`
--

DROP TABLE IF EXISTS `Customers`;
/*!40101 SET @saved_cs_client     = @@character_set_client */;
/*!50503 SET character_set_client = utf8mb4 */;
CREATE TABLE `Customers` (
  `CustomerID` int NOT NULL AUTO_INCREMENT,
  `CustomerFirstName` varchar(45) NOT NULL,
  `CustomerLastName` varchar(45) NOT NULL,
  `PhoneNumber` varchar(45) NOT NULL,
  `Email` varchar(100) NOT NULL,
  PRIMARY KEY (`CustomerID`)
) ENGINE=InnoDB AUTO_INCREMENT=231 DEFAULT CHARSET=utf8mb3;
/*!40101 SET character_set_client = @saved_cs_client */;

--
-- Dumping data for table `Customers`
--

LOCK TABLES `Customers` WRITE;
/*!40000 ALTER TABLE `Customers` DISABLE KEYS */;
INSERT INTO `Customers` VALUES (1,'Henry','Jones','485364829','henry.j@jnj.com'),(2,'Rodrigo','Cortes','768852729','rcortes@cort.com'),(3,'John','Case','5238942043','jc23@postmail.com'),(4,'Edwin','Marcos','3832389','e.marcos@books.com'),(5,'Max','Pereira','982723729','max.pereira@fastmail.com'),(6,'John','Smith','123-456-7890','john.smith@snsco.com'),(7,'Anna','Smith','234-567-8901','anna.smith@snsco.com'),(8,'James','Brown','345-678-9012','james.brown@sample.com'),(9,'Laura','Wilson','456-789-0123','laura.wilson@plex.com'),(10,'David','Taylor','567-890-1234','david.taylor@xampl.com'),(11,'John','Smith','123-456-7890','john.smith@snsco.com'),(12,'Anna','Smith','234-567-8901','anna.smith@snsco.com'),(13,'James','Brown','345-678-9012','james.brown@sample.com'),(14,'Laura','Wilson','456-789-0123','laura.wilson@plex.com'),(15,'David','Taylor','567-890-1234','david.taylor@xampl.com'),(16,'Henry','Jones','485364829','henry.j@jnj.com'),(17,'Rodrigo','Cortes','768852729','rcortes@cort.com'),(18,'John','Case','5238942043','jc23@postmail.com'),(19,'Edwin','Marcos','3832389','e.marcos@books.com'),(20,'Max','Pereira','982723729','max.pereira@fastmail.com'),(21,'John','Smith','123-456-7890','john.smith@snsco.com'),(22,'Anna','Smith','234-567-8901','anna.smith@snsco.com'),(23,'James','Brown','345-678-9012','james.brown@sample.com'),(24,'Laura','Wilson','456-789-0123','laura.wilson@plex.com'),(25,'David','Taylor','567-890-1234','david.taylor@xampl.com'),(26,'Henry','Jones','485364829','henry.j@jnj.com'),(27,'Rodrigo','Cortes','768852729','rcortes@cort.com'),(28,'John','Case','5238942043','jc23@postmail.com'),(29,'Edwin','Marcos','3832389','e.marcos@books.com'),(30,'Max','Pereira','982723729','max.pereira@fastmail.com'),(31,'Evan','Kelly','19502593','evan.kelly@bestmail.com'),(32,'Andrew','Price','96074641','andrew.price@mail.com'),(33,'Ellie','Hall','25402826','ellie.hall@maildomain.com'),(34,'Stella','Ross','23033256','stella.ross@mail.com'),(35,'Alexander','Baker','70941693','alexander.baker@mail.com'),(36,'Gabriel','Cook','37901891','gabriel.cook@bestmail.com'),(37,'Scarlett','King','98300445','scarlett.king@maildomain.com'),(38,'Claire','Ruiz','59163182','claire.ruiz@maildomain.com'),(39,'Julian','Kelly','38831396','julian.kelly@bestmail.com'),(40,'Nicholas','Martinez','75981412','nicholas.martinez@starpost.com'),(41,'Chloe','Sanchez','49678152','chloe.sanchez@maildomain.com'),(42,'Liam','Walker','34427509','liam.walker@mail.com'),(43,'Tyler','Mendoza','42972863','tyler.mendoza@maildomain.com'),(44,'Mia','Lee','93543787','mia.lee@starpost.com'),(45,'John','Stewart','62673773','john.stewart@starpost.com'),(46,'Jacob','Miller','23066876','jacob.miller@mail.com'),(47,'David','Alvarez','14855796','david.alvarez@bestmail.com'),(48,'Elijah','Long','72589139','elijah.long@mail.com'),(49,'Zachary','Castillo','26234473','zachary.castillo@mail.com'),(50,'Charles','Morris','20443645','charles.morris@mail.com'),(51,'Luke','Ross','73480596','luke.ross@bestmail.com'),(52,'Cameron','Davis','82516727','cameron.davis@starpost.com'),(53,'John','Johnson','50995250','john.johnson@maildomain.com'),(54,'Luke','Edwards','17391137','luke.edwards@starpost.com'),(55,'Lily','Williams','56912857','lily.williams@starpost.com'),(56,'Jeremiah','Price','21920562','jeremiah.price@bestmail.com'),(57,'Hannah','Phillips','24005150','hannah.phillips@bestmail.com'),(58,'Ava','Garcia','53159181','ava.garcia@starpost.com'),(59,'Samantha','Green','36002727','samantha.green@starpost.com'),(60,'William','Young','80112627','william.young@maildomain.com'),(61,'Savannah','Richardson','98986400','savannah.richardson@maildomain.com'),(62,'Logan','Evans','68133393','logan.evans@starpost.com'),(63,'Aria','Mendoza','82823827','aria.mendoza@starpost.com'),(64,'Violet','Castillo','66273637','violet.castillo@starpost.com'),(65,'Elijah','Baker','21354215','elijah.baker@maildomain.com'),(66,'Dylan','Baker','63713089','dylan.baker@mail.com'),(67,'Layla','Smith','87115262','layla.smith@bestmail.com'),(68,'Cameron','Ortiz','67624074','cameron.ortiz@starpost.com'),(69,'Aaliyah','Gomez','84813769','aaliyah.gomez@maildomain.com'),(70,'Penelope','Ramos','34761263','penelope.ramos@mail.com'),(71,'Elizabeth','Morgan','92518550','elizabeth.morgan@starpost.com'),(72,'Isaiah','Ortiz','54260536','isaiah.ortiz@bestmail.com'),(73,'Benjamin','Patel','38083374','benjamin.patel@mail.com'),(74,'Isabella','Baker','74450690','isabella.baker@mail.com'),(75,'Jacob','Walker','70376911','jacob.walker@starpost.com'),(76,'Emma','White','20134430','emma.white@starpost.com'),(77,'Zoe','Turner','35409294','zoe.turner@starpost.com'),(78,'Wyatt','Bailey','84204527','wyatt.bailey@bestmail.com'),(79,'Nicholas','Hill','36279315','nicholas.hill@bestmail.com'),(80,'Aria','Miller','72576495','aria.miller@mail.com'),(81,'Zachary','Campbell','96091207','zachary.campbell@bestmail.com'),(82,'Tyler','Cruz','46025803','tyler.cruz@bestmail.com'),(83,'Elizabeth','Adams','59661246','elizabeth.adams@starpost.com'),(84,'Leah','Sanchez','99413968','leah.sanchez@maildomain.com'),(85,'Alexander','White','15257275','alexander.white@mail.com'),(86,'Joshua','Murphy','51629196','joshua.murphy@maildomain.com'),(87,'Natalie','Wilson','81876015','natalie.wilson@bestmail.com'),(88,'Julian','Diaz','31525164','julian.diaz@mail.com'),(89,'Zoe','Wood','73612399','zoe.wood@bestmail.com'),(90,'Chloe','Ruiz','92986173','chloe.ruiz@maildomain.com'),(91,'Zachary','Mendoza','25692501','zachary.mendoza@maildomain.com'),(92,'Jeremiah','Hill','20206429','jeremiah.hill@mail.com'),(93,'Mia','Reyes','73129431','mia.reyes@bestmail.com'),(94,'Alexander','Torres','27902043','alexander.torres@bestmail.com'),(95,'Nathan','Campbell','22804692','nathan.campbell@mail.com'),(96,'Ellie','Carter','68949731','ellie.carter@maildomain.com'),(97,'Addison','Harris','74896444','addison.harris@maildomain.com'),(98,'Harper','Kim','79984614','harper.kim@mail.com'),(99,'Jackson','Green','50068342','jackson.green@maildomain.com'),(100,'Claire','Rogers','71367968','claire.rogers@maildomain.com'),(101,'Stella','Nelson','30698278','stella.nelson@starpost.com'),(102,'Nora','James','55168729','nora.james@starpost.com'),(103,'Emily','Gomez','66455764','emily.gomez@mail.com'),(104,'Victoria','Wright','61593169','victoria.wright@bestmail.com'),(105,'Cameron','Johnson','76100426','cameron.johnson@bestmail.com'),(106,'Tyler','Walker','20654087','tyler.walker@maildomain.com'),(107,'Harper','Evans','30265351','harper.evans@bestmail.com'),(108,'Joseph','Martin','75162026','joseph.martin@starpost.com'),(109,'Cameron','Ruiz','68297249','cameron.ruiz@starpost.com'),(110,'Lillian','Edwards','63705242','lillian.edwards@maildomain.com'),(111,'Penelope','Taylor','90447841','penelope.taylor@maildomain.com'),(112,'Olivia','Williams','94216406','olivia.williams@bestmail.com'),(113,'Scarlett','Baker','86907008','scarlett.baker@starpost.com'),(114,'Katherine','Brooks','28205612','katherine.brooks@bestmail.com'),(115,'Christopher','Morales','36806554','christopher.morales@starpost.com'),(116,'Addison','Thompson','49717865','addison.thompson@mail.com'),(117,'Alexander','Morales','52680809','alexander.morales@mail.com'),(118,'John','Rivera','41642818','john.rivera@bestmail.com'),(119,'Samantha','Stewart','85406262','samantha.stewart@mail.com'),(120,'Jeremiah','Cooper','24806184','jeremiah.cooper@maildomain.com'),(121,'Hannah','King','87188112','hannah.king@mail.com'),(122,'Isabella','Baker','74029246','isabella.baker@maildomain.com'),(123,'Harper','Campbell','45528200','harper.campbell@starpost.com'),(124,'Jonathan','Davis','57862972','jonathan.davis@maildomain.com'),(125,'Mia','Jackson','36594319','mia.jackson@maildomain.com'),(126,'Leah','Williams','53232682','leah.williams@maildomain.com'),(127,'Jeremiah','Murphy','37027719','jeremiah.murphy@bestmail.com'),(128,'Evan','Price','74872990','evan.price@mail.com'),(129,'Hannah','Mitchell','98268434','hannah.mitchell@maildomain.com'),(130,'Logan','Bennett','99866389','logan.bennett@starpost.com'),(131,'Lily','Robinson','30328779','lily.robinson@bestmail.com'),(132,'Bella','Green','63187335','bella.green@mail.com'),(133,'Sofia','Walker','50917756','sofia.walker@maildomain.com'),(134,'Elijah','Cox','62867161','elijah.cox@starpost.com'),(135,'Layla','Allen','51108173','layla.allen@maildomain.com'),(136,'Emily','Wood','26738262','emily.wood@starpost.com'),(137,'Nicholas','Chavez','63209920','nicholas.chavez@maildomain.com'),(138,'Henry','Carter','28566332','henry.carter@bestmail.com'),(139,'Brandon','Torres','57149991','brandon.torres@mail.com'),(140,'Audrey','Thomas','79269872','audrey.thomas@starpost.com'),(141,'Layla','Cook','56023733','layla.cook@starpost.com'),(142,'Bella','Clark','81923437','bella.clark@maildomain.com'),(143,'William','Collins','44463168','william.collins@bestmail.com'),(144,'Aubrey','Roberts','88860945','aubrey.roberts@maildomain.com'),(145,'Madison','Perez','69557769','madison.perez@mail.com'),(146,'Savannah','Walker','48588084','savannah.walker@bestmail.com'),(147,'Mia','Turner','75207342','mia.turner@bestmail.com'),(148,'Ellie','Cook','70595322','ellie.cook@starpost.com'),(149,'Christopher','Martin','54739503','christopher.martin@maildomain.com'),(150,'Jeremiah','Campbell','67606951','jeremiah.campbell@bestmail.com'),(151,'Zoe','Brooks','43653550','zoe.brooks@mail.com'),(152,'Sofia','Allen','80883122','sofia.allen@maildomain.com'),(153,'Alexander','Ward','39020468','alexander.ward@maildomain.com'),(154,'Jameson','Cox','27279559','jameson.cox@bestmail.com'),(155,'Michael','Lewis','59375501','michael.lewis@starpost.com'),(156,'Ryan','Clark','73190442','ryan.clark@starpost.com'),(157,'Aaron','Rodriguez','33207900','aaron.rodriguez@maildomain.com'),(158,'Mila','Brooks','76558646','mila.brooks@starpost.com'),(159,'Matthew','Rogers','42751311','matthew.rogers@mail.com'),(160,'Leah','Patel','95590314','leah.patel@mail.com'),(161,'Evelyn','Davis','70322531','evelyn.davis@mail.com'),(162,'Lucy','Harris','35627829','lucy.harris@maildomain.com'),(163,'Avery','Wood','50549930','avery.wood@mail.com'),(164,'Jordan','Sanchez','50386536','jordan.sanchez@mail.com'),(165,'Harper','Robinson','21647768','harper.robinson@maildomain.com'),(166,'Madison','Gray','14670054','madison.gray@starpost.com'),(167,'Victoria','Hernandez','34457727','victoria.hernandez@bestmail.com'),(168,'Bella','Reed','21093342','bella.reed@starpost.com'),(169,'Olivia','Diaz','18374120','olivia.diaz@maildomain.com'),(170,'Ruby','Robinson','24952275','ruby.robinson@mail.com'),(171,'Zachary','Ruiz','30725904','zachary.ruiz@mail.com'),(172,'Ethan','Carter','75602538','ethan.carter@bestmail.com'),(173,'Sofia','Campbell','71799616','sofia.campbell@maildomain.com'),(174,'Claire','Perez','30219925','claire.perez@starpost.com'),(175,'Leah','Collins','51265732','leah.collins@mail.com'),(176,'Scarlett','Reed','12867490','scarlett.reed@starpost.com'),(177,'Luke','Walker','17286249','luke.walker@mail.com'),(178,'Penelope','White','99592980','penelope.white@starpost.com'),(179,'Jordan','Ramirez','92351250','jordan.ramirez@maildomain.com'),(180,'Charlotte','Torres','20231809','charlotte.torres@maildomain.com'),(181,'Connor','Green','62091494','connor.green@maildomain.com'),(182,'Ethan','Richardson','78134330','ethan.richardson@bestmail.com'),(183,'Benjamin','Thompson','46421274','benjamin.thompson@maildomain.com'),(184,'Joshua','Robinson','35523097','joshua.robinson@starpost.com'),(185,'Lucy','Price','65441373','lucy.price@maildomain.com'),(186,'Jack','Sanchez','35163110','jack.sanchez@mail.com'),(187,'William','Campbell','95196995','william.campbell@starpost.com'),(188,'Hazel','King','31977214','hazel.king@maildomain.com'),(189,'Jonathan','Harris','58014178','jonathan.harris@maildomain.com'),(190,'Sofia','Moore','42032382','sofia.moore@mail.com'),(191,'Logan','Hernandez','93251502','logan.hernandez@mail.com'),(192,'Bella','Price','76928270','bella.price@maildomain.com'),(193,'John','Edwards','31673211','john.edwards@maildomain.com'),(194,'Logan','Hughes','60628730','logan.hughes@maildomain.com'),(195,'Nathan','Taylor','30825217','nathan.taylor@mail.com'),(196,'Lucy','Clark','29696407','lucy.clark@bestmail.com'),(197,'Aaliyah','Wood','75568823','aaliyah.wood@starpost.com'),(198,'Ruby','Gomez','92510345','ruby.gomez@maildomain.com'),(199,'Savannah','Evans','37082321','savannah.evans@bestmail.com'),(200,'Nicholas','Edwards','88234967','nicholas.edwards@mail.com'),(201,'Lucy','Wright','56090461','lucy.wright@starpost.com'),(202,'Samantha','Perez','69606461','samantha.perez@starpost.com'),(203,'Hannah','Adams','80204899','hannah.adams@maildomain.com'),(204,'Samuel','Anderson','37725956','samuel.anderson@bestmail.com'),(205,'Evelyn','Rogers','45441252','evelyn.rogers@bestmail.com'),(206,'Evelyn','Smith','54802941','evelyn.smith@maildomain.com'),(207,'Brandon','Bailey','88601277','brandon.bailey@starpost.com'),(208,'Victoria','Johnson','67393382','victoria.johnson@starpost.com'),(209,'William','Nguyen','59798296','william.nguyen@mail.com'),(210,'Maya','Anderson','60628523','maya.anderson@mail.com'),(211,'Zachary','Lewis','85597315','zachary.lewis@starpost.com'),(212,'Isaiah','Ramirez','45808182','isaiah.ramirez@starpost.com'),(213,'Bella','Ramirez','48814829','bella.ramirez@starpost.com'),(214,'Zachary','Ward','14629214','zachary.ward@bestmail.com'),(215,'Avery','Gray','66402362','avery.gray@mail.com'),(216,'Mia','Richardson','83579865','mia.richardson@maildomain.com'),(217,'Isaac','Thomas','65595766','isaac.thomas@mail.com'),(218,'Harper','Bailey','35177995','harper.bailey@maildomain.com'),(219,'Isaiah','Hughes','81058254','isaiah.hughes@starpost.com'),(220,'Aria','Gray','39189659','aria.gray@maildomain.com'),(221,'Dylan','Jones','78878080','dylan.jones@mail.com'),(222,'Mia','Scott','20255112','mia.scott@bestmail.com'),(223,'Abigail','Young','35951281','abigail.young@bestmail.com'),(224,'Christian','Long','74353219','christian.long@maildomain.com'),(225,'Luke','Chavez','71430425','luke.chavez@mail.com'),(226,'Matthew','Chavez','83384841','matthew.chavez@starpost.com'),(227,'Evelyn','Stewart','97880758','evelyn.stewart@maildomain.com'),(228,'Tyler','Rodriguez','41326660','tyler.rodriguez@maildomain.com'),(229,'Christian','King','48115538','christian.king@starpost.com'),(230,'Madison','Turner','94764406','madison.turner@starpost.com');
/*!40000 ALTER TABLE `Customers` ENABLE KEYS */;
UNLOCK TABLES;

--
-- Table structure for table `MenuOrder`
--

DROP TABLE IF EXISTS `MenuOrder`;
/*!40101 SET @saved_cs_client     = @@character_set_client */;
/*!50503 SET character_set_client = utf8mb4 */;
CREATE TABLE `MenuOrder` (
  `MenuID` int NOT NULL,
  `OrderID` int NOT NULL,
  KEY `fk_MenuOrder_1_idx` (`OrderID`),
  KEY `fk_MenuOrder_2_idx` (`MenuID`),
  CONSTRAINT `fk_MenuOrder_1` FOREIGN KEY (`OrderID`) REFERENCES `Orders` (`OrderID`),
  CONSTRAINT `fk_MenuOrder_2` FOREIGN KEY (`MenuID`) REFERENCES `Menus` (`MenuID`)
) ENGINE=InnoDB DEFAULT CHARSET=utf8mb3;
/*!40101 SET character_set_client = @saved_cs_client */;

--
-- Dumping data for table `MenuOrder`
--

LOCK TABLES `MenuOrder` WRITE;
/*!40000 ALTER TABLE `MenuOrder` DISABLE KEYS */;
INSERT INTO `MenuOrder` VALUES (3,1),(6,1),(8,2),(9,2),(2,3),(5,3),(11,3),(3,4),(7,4),(12,4),(2,5),(8,5),(4,6),(2,6),(1,6),(3,7),(5,7),(2,7),(7,7),(2,8),(8,8),(6,8),(3,9),(5,9),(12,9),(11,9),(3,10),(9,10),(4,10),(5,10),(7,10),(2,11),(4,11),(7,11),(6,12),(3,12),(12,13),(9,13),(4,13),(11,14),(6,14),(10,14),(6,15),(5,15),(1,18),(2,18),(11,18),(3,18),(2,20),(9,20),(1,20),(4,20),(8,20),(2,21),(6,22),(8,23),(5,24),(1,24),(11,24),(8,24),(1,25),(8,25),(12,26),(2,26),(10,26),(2,27),(12,27),(9,27),(10,27),(12,27),(2,28),(5,29),(5,29),(9,29),(2,29),(9,33),(3,33),(11,33),(5,33),(2,33),(1,30),(3,30),(10,30),(2,31),(12,31),(4,32),(5,34),(2,34),(9,34),(3,34),(7,35),(6,35),(10,35),(9,36),(8,36),(4,37),(2,38),(8,38),(6,38),(1,38),(11,38),(10,39),(4,39),(6,39),(4,39),(2,40),(1,40),(1,40),(5,41),(9,41),(7,42),(12,43),(10,43),(11,43),(3,43),(4,43),(5,44),(4,44),(11,44),(9,44),(7,45),(3,45),(9,45),(7,46),(5,46),(8,47),(9,48),(7,48),(7,48),(6,48),(10,48),(9,49),(8,49),(2,49),(9,49),(12,50),(11,50),(1,50),(7,51),(6,51),(5,52),(9,53),(11,53),(7,53),(5,53),(6,53),(7,55),(3,55),(11,55),(1,56),(3,56),(7,57),(4,58),(6,58),(12,58),(5,58),(11,58),(12,59),(7,59),(3,59),(7,59),(12,60),(6,60),(8,60),(4,61),(4,61),(10,62),(12,63),(5,63),(2,63),(11,63),(10,63),(5,64),(4,64),(3,64),(2,64),(11,65),(11,65),(6,65),(3,66),(12,66),(9,67),(6,68),(7,68),(9,68),(12,68),(4,68),(10,77),(12,78),(2,78),(11,78),(11,78),(3,78),(12,79),(11,79),(1,79),(10,79),(8,80),(7,80),(9,80),(11,81),(6,81),(3,82),(1,83),(9,83),(8,83),(1,83),(12,83),(11,84),(11,84),(1,84),(8,84),(5,85),(11,85),(7,85),(8,86),(2,86),(6,87),(6,88),(8,88),(7,88),(5,88),(4,88),(11,89),(5,89),(1,89),(7,89),(2,90),(8,90),(1,90),(1,91),(12,91),(5,92),(2,93),(2,93),(2,93),(11,93),(11,93),(8,94),(7,94),(10,94),(2,94),(3,96),(9,96),(10,97),(7,98),(2,98),(11,98),(8,98),(1,98),(3,99),(7,99),(8,99),(9,99),(3,100),(1,100),(9,100),(8,101),(7,101),(12,102),(7,103),(12,103),(3,103),(3,103),(3,103),(11,105),(7,105),(3,105),(3,106),(10,106),(11,107),(9,108),(10,108),(7,108),(5,108),(6,108),(9,109),(6,109),(4,109),(1,109),(10,110),(2,110),(2,110),(3,111),(12,111),(5,112),(8,113),(3,113),(9,113),(5,113),(3,113),(3,114),(2,114),(11,114),(8,114),(8,115),(3,115),(6,115),(12,116),(5,116),(1,617),(3,617),(11,617),(8,617),(6,617),(9,618),(3,618),(5,618),(11,618),(7,619),(8,619),(2,619),(7,619),(10,619),(2,620),(10,621),(2,621),(3,622),(5,622),(9,623),(10,623),(2,623),(4,624),(1,624),(11,624),(7,624),(11,624),(9,625),(2,626),(10,626),(5,626),(6,627),(5,627),(6,628),(8,628),(12,628),(3,629),(6,630),(8,630),(7,630),(10,631),(10,631),(7,631),(9,631),(11,632),(4,633),(1,633),(12,633),(3,633),(7,633),(1,634),(10,634),(5,634),(6,634),(7,634),(2,635),(10,635),(7,635),(11,635),(5,636),(7,636),(7,637),(10,637),(1,637),(6,637),(6,637),(11,638),(3,639),(3,639),(6,639),(5,639),(6,639),(2,640),(2,640),(9,640),(3,640),(11,641),(12,641),(3,642),(9,642),(11,642),(5,642),(6,642),(11,643),(3,643),(12,643),(10,644),(3,644),(9,645),(1,645),(7,645),(1,646),(12,646),(3,646),(4,647),(2,647),(4,648),(5,648),(2,648),(12,649),(1,650),(8,651),(12,651),(6,651),(6,651),(5,651),(9,652),(5,652),(9,653),(8,653),(9,653),(2,653),(1,653),(9,654),(12,655),(5,655),(5,655),(4,655),(6,655),(3,656),(2,656),(4,656),(4,657),(8,657),(8,657),(8,657),(7,658),(11,658),(3,658),(5,659),(7,659),(9,659),(7,660),(2,660),(2,660),(6,661),(8,661),(10,661),(7,661),(3,662),(10,662),(4,662),(4,663),(6,664),(2,664),(5,665),(2,665),(1,666),(12,667),(7,667),(8,667),(3,667),(2,667),(7,668),(5,668),(4,669),(1,669),(5,669),(10,670),(3,670),(7,670),(4,671),(1,671),(3,672),(12,672),(11,672),(6,672),(10,672),(12,673),(9,673),(5,673),(11,673),(1,673),(1,674),(11,674),(5,674),(7,674),(3,674),(9,675),(8,675),(12,676),(11,677),(1,677),(5,677),(8,677),(4,677),(8,678),(1,678),(6,678),(4,679),(6,679),(8,679),(4,679),(2,680),(3,680),(2,680),(1,680),(5,681),(1,682),(6,682),(2,682),(8,682),(8,683),(4,683),(8,683),(11,683),(3,683),(5,684),(1,684),(12,684),(12,684),(8,685),(10,685),(10,685),(11,686),(9,686),(4,687),(3,687),(1,687),(12,687),(8,688),(5,688),(8,688),(4,688),(1,689),(4,689),(10,689),(12,690),(2,690),(5,690),(11,690),(5,691),(2,691),(9,691),(12,691),(4,692),(7,693),(8,693),(10,693),(12,693),(1,694),(12,695),(5,695),(12,695),(5,695),(1,695),(2,696),(1,696),(6,696),(6,696),(4,696),(8,697),(3,698),(12,698),(11,698),(3,699),(2,699),(2,699),(5,699),(8,700),(1,700),(2,701),(1,702),(11,702),(12,702),(5,702),(3,703),(8,703),(6,703),(6,703),(5,703),(12,704),(8,704),(10,704),(7,704),(5,704),(6,705),(9,705),(9,706),(4,707),(5,707),(10,708),(6,708),(7,708),(10,709),(11,709),(3,709),(12,709),(12,710),(5,710),(3,710),(3,710),(9,710),(9,711),(2,711),(12,712),(2,712),(4,713),(2,713),(10,713),(7,713),(10,713),(9,714),(9,714),(10,714),(8,715),(3,715),(1,716),(4,716),(8,716),(9,716),(4,716),(12,717),(6,717),(6,718),(10,718),(8,718),(12,718),(12,718),(8,719),(6,719),(6,719),(1,720),(2,720),(11,720),(2,720),(2,721),(1,721),(11,721),(4,721),(4,721),(4,722),(10,722),(8,723),(8,723),(1,723),(9,723),(2,723),(1,724),(11,724),(7,725),(10,726),(3,726),(1,727),(12,727),(5,727),(2,727),(12,727),(5,728),(5,728),(3,729),(2,729),(5,729),(7,729),(5,730),(10,730),(8,730),(7,730),(7,730),(2,731),(4,731),(7,731),(7,731),(2,732),(5,732),(10,732),(7,732),(5,733),(9,733),(7,734),(10,734),(5,734),(10,735),(11,735),(2,736),(3,736),(5,736),(6,737),(3,737),(7,737),(1,738),(4,738),(2,738),(1,739),(7,739),(12,739),(10,739),(12,740),(9,741),(4,741),(9,741),(12,741),(9,742),(1,742),(4,742),(10,743),(4,743),(2,743),(2,744),(9,744),(3,744),(10,745),(11,745),(9,745),(5,745),(8,745),(10,746),(6,746),(3,746),(2,746),(4,746),(9,747),(7,748),(1,748),(8,748),(6,748),(1,748),(3,749),(12,749),(9,750),(8,750),(8,750),(5,750),(1,750),(4,751),(6,751),(8,751),(12,751),(2,751),(1,752),(10,753),(11,753),(1,754),(4,754),(7,754),(5,754),(4,755),(5,755),(10,755),(11,755),(2,756),(4,756),(4,756),(11,756),(2,756),(10,757),(8,757),(4,757),(4,757),(1,757),(3,758),(5,758),(5,759),(11,759),(1,759),(12,759),(4,759),(2,760),(1,760),(10,760),(12,760),(3,760),(3,761),(4,761),(3,761),(12,761),(11,761),(10,762),(5,762),(11,762),(10,762),(5,763),(2,763),(4,764),(6,764),(3,764),(1,764),(12,765),(6,766),(9,766),(5,767),(10,767),(6,768),(2,769),(10,769),(11,770),(12,770),(4,770),(1,771),(2,772),(1,773),(5,774),(11,775),(12,776),(6,776),(5,776),(3,776),(1,777),(3,777),(10,778),(9,778),(11,779),(4,779),(10,780),(11,781),(5,781),(10,781),(11,782),(5,782),(3,782),(8,783),(7,783),(7,784),(4,784),(3,784),(3,784),(6,785),(1,785),(6,786),(3,786),(11,787),(8,787),(10,788),(12,788),(10,789),(4,790),(2,790),(11,790),(12,790),(4,791),(8,792),(8,792),(5,792),(2,792),(3,792),(3,793),(5,793),(11,793),(7,793),(2,794),(6,794),(2,794),(3,794),(1,794),(11,795),(11,795),(4,795),(1,795),(11,795),(11,796),(10,797),(9,797),(3,798),(4,798),(11,798),(4,799),(11,799),(11,799),(3,799),(4,799),(10,800),(2,800),(4,800),(8,801),(5,801),(3,801),(6,802),(8,802),(9,802),(9,803),(5,803),(7,803),(1,803),(12,803),(4,804),(12,804),(10,804),(4,805),(9,805),(10,806),(9,806),(6,806),(4,807),(4,807),(4,807),(9,807),(6,807),(7,808),(11,808),(11,809),(4,809),(9,810),(9,811),(5,811),(7,811),(6,811),(12,812),(2,812),(12,812),(1,812),(4,812),(8,813),(10,814),(6,815),(9,815),(3,815),(8,816),(12,816),(6,816),(10,816),(8,817),(7,817),(7,817),(8,818),(11,819),(4,820),(4,820),(9,821),(9,821),(6,821),(4,822),(5,822),(11,822),(9,822),(11,823),(8,823),(2,823),(1,823),(3,824),(7,824),(6,824),(10,824),(8,824),(12,825),(6,825),(6,825),(7,825),(6,826),(10,826),(12,826),(1,827),(10,827),(5,828),(9,828),(3,829),(11,829),(1,829),(2,829),(10,830),(8,830),(1,831),(2,831),(2,831),(4,831),(12,831),(9,832),(2,833),(5,833),(10,834),(7,834),(10,834),(2,834),(10,834),(4,835),(11,835),(8,835),(1,835),(1,835),(5,836),(10,836),(2,837),(1,837),(1,837),(9,837),(9,837),(8,838),(8,838),(12,838),(3,838),(10,839),(2,840),(5,841),(3,841),(4,841),(9,841),(2,841),(10,842),(5,842),(8,842),(9,842),(1,842),(1,843),(10,844),(6,844),(5,844),(8,845),(2,845),(5,845),(8,845),(8,845),(8,846),(8,846),(5,847),(9,847),(12,848),(2,848),(6,848),(3,849),(11,849),(8,849),(2,850),(10,851),(8,851),(7,851),(8,851),(8,851),(2,852),(6,852),(9,852),(11,853),(7,853),(6,854),(4,855),(4,855),(5,855),(4,856),(12,856),(8,856),(5,857),(1,857),(1,857),(12,857),(7,857),(4,858),(5,858),(8,858),(10,859),(2,859),(7,859),(7,860),(1,860),(8,860),(2,861),(5,861),(4,861),(10,862),(3,862),(8,862),(8,862),(2,862),(12,863),(7,863),(11,863),(1,863),(2,863),(7,864),(10,864),(1,864),(2,864),(10,864),(6,865),(1,865),(12,866),(10,867),(8,867),(3,868),(10,868),(7,869),(1,869),(12,869),(3,869),(4,869),(4,870),(10,870),(12,870),(10,870),(5,871),(7,871),(3,871),(9,871),(7,871),(5,872),(1,872),(3,873),(11,873),(12,873),(2,873),(10,873),(7,874),(9,874),(7,874),(11,874),(6,874),(9,875),(10,875),(8,875),(1,875),(6,876),(11,876),(11,877),(3,877),(2,877),(5,877),(11,878),(8,878),(7,878),(1,878),(7,878),(2,879),(7,879),(11,879),(11,880),(8,880),(3,881),(6,882),(10,883),(10,883),(10,884),(7,885),(4,885),(10,885),(2,886),(4,887),(8,887),(3,888),(2,888),(12,889),(5,889),(8,890),(7,890),(4,890),(4,890),(1,890),(5,891),(2,892),(5,892),(10,892),(5,892),(5,892),(7,893),(2,893),(3,893),(3,893),(8,894),(9,894),(4,894),(8,894),(3,894),(8,895),(7,895),(4,895),(3,895),(6,895),(4,896),(4,896),(9,898),(6,898),(2,899),(1,899),(11,900),(7,900),(7,900),(10,901),(10,901),(10,901),(9,901),(3,901),(7,902),(2,902),(9,903),(3,904),(7,905),(2,905),(9,905),(7,905),(9,906),(3,906),(4,906),(10,906),(4,907),(11,908),(9,908),(2,908),(10,909),(8,909),(12,910),(7,910),(1,910),(8,910),(2,910),(7,911),(4,911),(8,911),(1,912),(4,912),(4,913),(8,913),(3,914),(5,914),(1,914),(6,914),(10,914),(12,915),(1,915),(2,916),(3,916),(3,916),(10,917),(3,918),(9,918),(8,918),(5,918),(9,918),(1,919),(11,919),(3,919),(5,920),(10,921),(9,921),(10,921),(4,921),(3,921),(5,922),(3,922),(4,922),(2,922),(3,923),(12,923),(4,923),(11,923),(12,924),(1,924),(9,924),(12,924),(2,925),(9,925),(9,925),(5,926),(5,926),(3,927),(11,928),(1,929),(2,929),(7,930),(5,930),(1,930),(11,930),(9,931),(8,931),(6,931),(10,931),(1,932),(8,932),(4,932),(5,933),(10,933),(6,934),(4,934),(10,934),(11,935),(5,936),(6,936),(6,936),(5,936),(9,936),(8,937),(11,937),(6,937),(3,937),(6,937),(10,938),(3,938),(6,938),(7,938),(9,939),(3,939),(7,939),(1,939),(9,940),(5,940),(2,940),(6,940),(10,940),(4,941),(11,942),(11,943),(8,943),(2,943),(2,944),(1,944),(3,944),(9,945),(1,945),(4,946),(6,947),(11,947),(10,948),(1,948),(9,948),(12,948),(11,949),(6,949),(4,949),(1,949),(8,949),(2,950),(7,950),(6,950),(3,950),(10,951),(11,952),(10,952),(1,952),(2,953),(11,953),(1,953),(8,953),(1,953),(1,954),(2,954),(7,954),(5,955),(5,956),(12,956),(4,956),(9,956),(12,956),(11,957),(9,957),(1,957),(1,958),(5,958),(1,958),(12,958),(11,958),(12,959),(10,959),(12,959),(8,960),(3,960),(10,960),(2,960),(2,960),(5,961),(8,961),(12,961),(6,961),(3,962),(10,962),(10,962),(6,962),(2,963),(9,964),(11,964),(4,964),(1,964),(2,965),(8,965),(7,965),(5,966),(1,966),(9,966),(3,966),(5,966),(7,967),(10,967),(1,967),(10,967),(12,968),(4,968),(9,968),(7,968),(8,969),(3,970),(4,971),(3,972),(4,972),(12,972),(1,972),(12,974),(12,974),(6,974),(1,975),(8,975),(10,975),(3,975),(4,975),(7,976),(10,976),(4,977),(6,977),(9,978),(11,978),(6,978),(9,979),(12,979),(11,980),(10,980),(5,980),(1,980),(6,981),(2,981),(10,982),(12,983),(9,983),(11,983),(11,983),(3,983),(1,984),(3,984),(7,984),(12,984),(5,985),(2,986),(10,986),(11,986),(7,987),(12,987),(11,987),(7,987),(5,987),(12,988),(9,988),(2,988),(12,989),(5,989),(1,989),(3,990),(4,990),(3,991),(5,991),(2,991),(1,991),(7,991),(2,992),(7,992),(4,992),(12,993),(9,993),(2,993),(10,993),(5,994),(7,994),(3,994),(6,994),(2,994),(8,995),(6,995),(8,995),(3,996),(4,996),(9,997),(12,998),(5,998),(9,998),(12,999),(2,999),(11,999),(5,999),(11,1000),(7,1001),(5,1001),(2,1001),(1,1002),(11,1002),(9,1002),(9,1003),(9,1003),(8,1004),(3,1004),(12,1005),(7,1005),(9,1005),(12,1006),(10,1006),(4,1006),(7,1007),(11,1007),(9,1007),(7,1007),(2,1007),(7,1008),(8,1008),(4,1008),(4,1008),(3,1008),(1,1009),(4,1010),(9,1010),(7,1010),(11,1011),(5,1011),(7,1011),(12,1012),(4,1012),(4,1013),(4,1014),(2,1014),(4,1014),(12,1015),(2,1015),(9,1015),(9,1016),(3,1016),(4,1016),(2,1016),(3,1016),(10,1017),(12,1017),(10,1017),(3,1018),(7,1018),(9,1018),(4,1019),(5,1020),(2,1020),(2,1020),(11,1020),(6,1021),(11,1021),(12,1021),(10,1021),(11,1022),(12,1022),(10,1022),(2,1022),(3,1023),(10,1023),(4,1023),(10,1023),(10,1024),(4,1024),(8,1024),(8,1024),(8,1024),(1,1025),(9,1025),(11,1025),(6,1025),(8,1026),(3,1026),(5,1026),(10,1026),(2,1026),(10,1027),(5,1028),(1,1029),(11,1029),(11,1030),(9,1031),(2,1031),(10,1031),(10,1031),(7,1032),(12,1032),(8,1032),(2,1033),(3,1033),(8,1033),(8,1033),(8,1034),(1,1035),(7,1035),(7,1035),(10,1035),(11,1036),(11,1036),(8,1037),(1,1037),(9,1037),(9,1037),(9,1037),(8,1038),(2,1038),(8,1038),(11,1038),(1,1039),(4,1039),(4,1040),(11,1040),(2,1040),(2,1040),(5,1040),(9,1041),(1,1041),(11,1041),(3,1042),(9,1042),(4,1042),(2,1042),(12,1042),(4,1043),(11,1043),(2,1043),(6,1043),(9,1044),(9,1045),(10,1045),(9,1045),(11,1045),(3,1045),(11,1046),(11,1046),(10,1046),(1,1046),(12,1046),(3,1047),(10,1047),(7,1047),(5,1047),(6,1048),(11,1049),(3,1049),(4,1049),(6,1050),(2,1050),(5,1050),(9,1050),(6,1050),(5,1051),(11,1052),(2,1052),(7,1052),(12,1053),(12,1054),(4,1054),(1,1055),(1,1055),(3,1055),(7,1055),(1,1055),(9,1056),(5,1056),(4,1056),(5,1056),(5,1057),(11,1057),(8,1057),(8,1058),(7,1058),(5,1058),(4,1059),(8,1059),(3,1059),(9,1059),(2,1060),(9,1060),(12,1061),(12,1061),(10,1061),(8,1062),(2,1062),(8,1062),(9,1063),(2,1063),(7,1063),(8,1063),(3,1063),(5,1064),(11,1064),(5,1065),(1,1065),(3,1065),(4,1065),(2,1065),(3,1066),(6,1066),(10,1066),(5,1067),(4,1067),(8,1068),(6,1068),(12,1068),(4,1068),(12,1068),(1,1069),(6,1069),(7,1069),(6,1069),(9,1070),(7,1071),(3,1073),(5,1073),(4,1073),(1,1074),(3,1075),(10,1076),(1,1076),(7,1076),(5,1076),(8,1077),(3,1077),(3,1077),(1,1078),(6,1078),(5,1078),(12,1079),(3,1080),(4,1081),(5,1081),(8,1082),(5,1082),(9,1082),(6,1082),(4,1082),(3,1083),(12,1083),(1,1083),(9,1083),(6,1084),(1,1084),(6,1085),(11,1086),(6,1087),(6,1087),(10,1087),(9,1088),(3,1088),(9,1089),(3,1089),(1,1089),(12,1090),(2,1090),(6,1091),(10,1091),(1,1091),(3,1091),(11,1092),(4,1092),(3,1092),(5,1092),(7,1093),(9,1093),(10,1093),(10,1093),(9,1094),(4,1094),(2,1094),(8,1094),(11,1095),(2,1095),(12,1095),(6,1095),(12,1096),(11,1096),(9,1096),(11,1096),(4,1097),(9,1097),(9,1097),(2,1097),(4,1097),(12,1098),(9,1098),(9,1099),(5,1099),(12,1100),(1,1100),(5,1100),(1,1101),(6,1101),(4,1101),(11,1101),(11,1101),(4,1102),(11,1102),(1,1102),(1,1103),(3,1103),(4,1103),(5,1103),(4,1104),(8,1104),(12,1104),(9,1105),(9,1105),(10,1105),(8,1105),(2,1106),(4,1106),(9,1107),(12,1107),(11,1107),(11,1107),(12,1108),(6,1108),(7,1109),(10,1109),(12,1109),(3,1110),(5,1110),(11,1110),(8,1111),(10,1111),(12,1111),(7,1112),(5,1112),(8,1112),(3,1112),(1,1113),(8,1113),(10,1114),(1,1114),(12,1114),(3,1115),(7,1115),(9,1115),(11,1115),(1,1115),(6,1116),(8,1117),(6,1118),(7,1118),(6,1118),(8,1118),(3,1118),(7,1119),(2,1119),(4,1119),(7,1119),(1,1120),(1,1120),(8,1120),(10,1121),(2,1121),(3,1121),(4,1121),(6,1122),(2,1122),(4,1122),(8,1123),(4,1123),(2,1123),(9,1124),(8,1124),(10,1124),(12,1125),(2,1125),(6,1125),(8,1125),(12,1126),(3,1126),(11,1127),(5,1127),(7,1128),(1,1128),(6,1128),(4,1129),(11,1129),(9,1129),(7,1129),(11,1130),(5,1130),(9,1130),(10,1131),(4,1132),(11,1132),(4,1132),(8,1132),(7,1133),(6,1133),(3,1133),(5,1133),(7,1134),(6,1134),(10,1134),(3,1134),(5,1135),(7,1135),(1,1135),(12,1135),(8,1136),(7,1136),(3,1136),(7,1136),(11,1136),(7,1137),(9,1137),(3,1137),(9,1137),(8,1137),(9,1138),(11,1139),(5,1140),(12,1140),(8,1141),(11,1141),(4,1141),(3,1142),(8,1142),(10,1142),(7,1143),(11,1144),(1,1144),(12,1144),(4,1145),(12,1145),(1,1145),(10,1146),(5,1147),(3,1147),(4,1147),(12,1147),(1,1148),(4,1149),(12,1150),(5,1150),(8,1150),(5,1150),(6,1150),(9,1151),(10,1151),(9,1151),(2,1152),(2,1152),(8,1153),(8,1153),(10,1153),(7,1153),(4,1154),(5,1155),(7,1155),(11,1155),(6,1156),(2,1157),(4,1157),(4,1157),(3,1157),(8,1157),(8,1158),(8,1158),(7,1159),(7,1159),(12,1159),(11,1159),(11,1159),(12,1160),(6,1160),(9,1160),(2,1161),(5,1161),(1,1161),(1,1162),(10,1162),(7,1162),(7,1162),(10,1163),(4,1164),(2,1165),(12,1165),(3,1165),(8,1166),(3,1166),(7,1167),(11,1167),(1,1167),(5,1167),(5,1167),(8,1168),(9,1169),(10,1169),(11,1169),(2,1169),(4,1169),(1,1170),(3,1170),(1,1170),(4,1171),(1,1171),(11,1171),(1,1171),(1,1171),(7,1172),(10,1172),(2,1172),(6,1172),(10,1172),(9,1173),(5,1173),(7,1173),(6,1173),(10,1174),(3,1174),(1,1174),(7,1174),(12,1174),(7,1175),(5,1175),(10,1176),(7,1176),(6,1177),(11,1177),(5,1177),(8,1177),(2,1177),(8,1179),(3,1179),(10,1179),(4,1179),(8,1180),(1,1180),(10,1180),(1,1180),(7,1180),(10,1181),(9,1181),(5,1181),(1,1182),(6,1182),(8,1182),(11,1183),(8,1183),(8,1183),(5,1184),(7,1184),(4,1184),(9,1184),(2,1184),(9,1186),(6,1186),(7,1186),(12,1186),(12,1186),(4,1187),(12,1187),(5,1187),(7,1187),(4,1188),(8,1188),(5,1188),(9,1188),(6,1188),(8,1189),(3,1189),(9,1189),(4,1189),(2,1190),(11,1190),(3,1190),(8,1190),(12,1191),(9,1191),(10,1191),(9,1191),(6,1192),(11,1192),(1,1193),(2,1193),(1,1193),(9,1194),(4,1194),(10,1194),(10,1194),(7,1195),(7,1195),(2,1196),(7,1196),(10,1196),(1,1196),(8,1196),(1,1197),(3,1197),(6,1197),(11,1197),(4,1197),(3,1198),(11,1198),(6,1198),(11,1199),(6,1199),(6,1199),(8,1199),(4,1200),(2,1201),(12,1202),(3,1202),(9,1202),(1,1202),(7,1203),(1,1204),(10,1204),(8,1205),(7,1205),(11,1205),(12,1206),(12,1206),(4,1206),(4,1206),(2,1206),(10,1207),(7,1207),(9,1208),(10,1208),(12,1208),(6,1209),(5,1209),(6,1209),(7,1209),(4,1209),(3,1210),(4,1210),(1,1211),(8,1211),(12,1211),(7,1211),(3,1212),(5,1212),(8,1212),(9,1212),(10,1213),(8,1213),(12,1214),(8,1214),(10,1215),(1,1215),(6,1215),(1,1216),(5,1216),(2,1216),(4,1217),(10,1217),(10,1218),(9,1218),(4,1219),(7,1219),(10,1220),(3,1220),(7,1220),(12,1220),(9,1220),(1,1221),(3,1221),(10,1221),(12,1222),(7,1222),(3,1222),(9,1222),(7,1222),(1,1223),(10,1223),(1,1224),(6,1224),(12,1225),(9,1225),(3,1225),(12,1226),(2,1226),(10,1226),(10,1226),(8,1227),(9,1227),(4,1228),(5,1228),(7,1228),(8,1229),(2,1229),(3,1229),(5,1229),(2,1230),(12,1230),(10,1230),(7,1231),(12,1231),(11,1231),(1,1232),(12,1232),(5,1232),(2,1233),(5,1234),(4,1234),(10,1234),(5,1234),(1,1234),(12,1235),(3,1236),(9,1236),(9,1237),(4,1237),(10,1237),(11,1237),(10,1238),(11,1239),(5,1240),(1,1240),(7,1241),(3,1241),(11,1241),(7,1242),(11,1242),(6,1242),(1,1242),(11,1242),(8,1243),(1,1243),(5,1243),(7,1243),(12,1243),(8,1244),(1,1244),(1,1244),(11,1245),(6,1245),(1,1245),(4,1245),(4,1246),(11,1247),(4,1249),(5,1249),(11,1249),(2,1249),(12,1250),(11,1250),(10,1250),(7,1250),(11,1251),(12,1251),(12,1251),(4,1251),(9,1252),(2,1253),(9,1253),(7,1254),(3,1254),(7,1254),(7,1255),(8,1255),(12,1255),(7,1255),(11,1256),(5,1256),(2,1256),(8,1257),(3,1257),(12,1258),(11,1258),(10,1258),(2,1258),(4,1258),(1,1259),(1,1259),(10,1259),(3,1259),(7,1259),(9,1260),(11,1260),(12,1261),(2,1261),(1,1262),(12,1262),(5,1263),(11,1263),(6,1264),(6,1265),(6,1265),(4,1265),(6,1266),(9,1266),(10,1267),(1,1267),(4,1267),(6,1267),(12,1267),(4,1268),(1,1268),(6,1269),(8,1269),(5,1269),(5,1269),(1,1270),(5,1270),(4,1270),(1,1270),(7,1271),(5,1271),(7,1272),(11,1272),(12,1273),(1,1273),(4,1273),(6,1273),(8,1274),(1,1274),(3,1274),(12,1274),(5,1274),(3,1275),(12,1275),(8,1275),(11,1276),(2,1277),(11,1277),(6,1278),(9,1279),(7,1279),(3,1279),(7,1280),(8,1280),(12,1280),(5,1280),(6,1281),(7,1281),(12,1281),(2,1281),(8,1282),(4,1282),(12,1283),(5,1284),(11,1284),(8,1284),(2,1285),(11,1286),(10,1286),(10,1286),(12,1286),(6,1287),(8,1288),(11,1288),(10,1288),(12,1288),(5,1289),(7,1289),(11,1289),(12,1290),(1,1290),(9,1290),(10,1290),(9,1291),(1,1291),(6,1292),(7,1292),(1,1293),(9,1293),(9,1293),(3,1293),(3,1294),(5,1295),(1,1295),(7,1296),(11,1296),(6,1297),(7,1297),(4,1297),(12,1297),(6,1297),(6,1298),(6,1298),(10,1298),(5,1298),(1,1298),(5,1299),(6,1299),(10,1299),(4,1300),(8,1300),(8,1300),(2,1300),(9,1300),(8,1301),(4,1301),(11,1301),(2,1301),(9,1302),(1,1303),(2,1303),(2,1303),(1,1304),(4,1304),(12,1304),(1,1305),(7,1305),(8,1305),(3,1305),(2,1306),(3,1306),(2,1306),(4,1306),(12,1306),(11,1307),(12,1307),(10,1307),(12,1307),(8,1308),(1,1308),(6,1308),(2,1308),(10,1308),(1,1309),(4,1309),(10,1309),(8,1309),(3,1309),(3,1310),(7,1310),(6,1310),(1,1310),(6,1310),(3,1311),(10,1312),(1,1312),(6,1312),(7,1312),(7,1313),(1,1313),(7,1314),(11,1314),(7,1315),(2,1315),(12,1316),(5,1316),(4,1316),(9,1317),(2,1317),(6,1317),(3,1318),(12,1318),(9,1319),(12,1319),(2,1319),(12,1319),(1,1319),(3,1320),(1,1320),(8,1320),(2,1321),(8,1321),(6,1321),(9,1321),(10,1322),(2,1323),(7,1323),(11,1323),(8,1323),(10,1323),(8,1324),(10,1324),(1,1324),(9,1325),(7,1325),(10,1325),(12,1325),(7,1325),(7,1326),(8,1326),(9,1326),(9,1326),(9,1327),(9,1327),(3,1327),(11,1327),(1,1327),(5,1328),(4,1329),(3,1329),(9,1329),(6,1330),(7,1330),(3,1330),(5,1330),(9,1330),(3,1331),(5,1331),(1,1332),(6,1333),(11,1334),(1,1334),(11,1334),(10,1334),(4,1334),(6,1335),(7,1335),(12,1336),(5,1336),(6,1336),(2,1337),(5,1337),(10,1338),(7,1339),(7,1339),(10,1339),(3,1340),(7,1340),(11,1340),(10,1340),(11,1341),(4,1341),(3,1341),(7,1341),(3,1342),(8,1342),(9,1342),(2,1342),(4,1342),(5,1343),(6,1343),(10,1343),(1,1343),(1,1344),(12,1344),(1,1344),(12,1344),(8,1345),(6,1345),(3,1345),(11,1346),(8,1346),(10,1346),(11,1346),(6,1347),(4,1347),(8,1347),(5,1348),(6,1348),(1,1348),(9,1348),(3,1349),(3,1349),(2,1349),(6,1350),(11,1350),(2,1351),(5,1351),(4,1351),(7,1351),(12,1352),(10,1352),(1,1353),(8,1353),(7,1353),(4,1353),(12,1354),(1,1354),(2,1354),(8,1354),(8,1354),(3,1355),(5,1355),(9,1355),(5,1356),(5,1356),(2,1356),(9,1356),(9,1356),(3,1357),(1,1357),(6,1358),(5,1359),(4,1359),(6,1359),(8,1359),(3,1360),(3,1361),(2,1362),(5,1362),(10,1363),(11,1363),(9,1364),(4,1364),(2,1364),(12,1364),(8,1365),(7,1365),(3,1365),(12,1365),(7,1365),(12,1366),(11,1366),(6,1366),(1,1366),(10,1366),(5,1367),(2,1368),(12,1368),(8,1368),(12,1369),(10,1369),(11,1369),(5,1370),(12,1370),(6,1371),(6,1371),(2,1372),(11,1372),(3,1372),(11,1372),(8,1373),(4,1373),(5,1373),(8,1373),(2,1374),(5,1374),(12,1374),(8,1374),(8,1374),(8,1375),(3,1375),(4,1375),(7,1375),(12,1376),(1,1376),(4,1377),(4,1377),(2,1377),(7,1377),(3,1377),(1,1378),(10,1378),(4,1379),(8,1379),(7,1379),(12,1380),(2,1380),(12,1380),(2,1380),(7,1380),(8,1381),(12,1381),(12,1382),(9,1382),(3,1382),(10,1382),(8,1382),(2,1383),(10,1383),(7,1383),(5,1384),(3,1385),(6,1385),(7,1388),(11,1388),(1,1389),(11,1389),(1,1389),(9,1389),(11,1389),(8,1390),(6,1390),(1,1390),(6,1391),(1,1392),(1,1392),(6,1392),(10,1392),(3,1393),(8,1394),(1,1394),(1,1394),(10,1394),(7,1394),(8,1395),(3,1395),(5,1395),(11,1395),(3,1396),(5,1396),(6,1396),(8,1396),(2,1397),(2,1397),(6,1398),(1,1399),(1,1400),(7,1400),(8,1400),(3,1400),(3,1401),(5,1401),(10,1401),(7,1401),(2,1401),(5,1402),(6,1402),(6,1402),(5,1402),(12,1402),(3,1403),(9,1403),(12,1404),(8,1404),(3,1404),(7,1404),(3,1405),(1,1405),(7,1406),(5,1406),(3,1407),(6,1408),(6,1408),(10,1409),(12,1409),(6,1410),(10,1411),(3,1411),(1,1412),(11,1412),(5,1412),(4,1413),(2,1413),(2,1413),(9,1414),(3,1415),(9,1415),(1,1415),(9,1416),(9,1416),(10,1416),(9,1416),(2,1417),(2,1417),(8,1417),(6,1417),(9,1418),(9,1418),(11,1418),(2,1419),(1,1419),(10,1420),(6,1421),(8,1421),(5,1421),(5,1421),(6,1421),(6,1422),(7,1422),(5,1422),(4,1423),(7,1425),(2,1425),(9,1425),(8,1425),(6,1425),(8,1426),(6,1426),(1,1426),(12,1426),(7,1426),(10,1427),(12,1427),(1,1428),(2,1428),(3,1428),(12,1428),(7,1429),(3,1430),(2,1430),(1,1430),(10,1430),(2,1431),(2,1432),(7,1432),(11,1432),(9,1432),(1,1433),(5,1433),(9,1433),(1,1433),(3,1434),(3,1434),(6,1435),(1,1435),(11,1435),(11,1436),(4,1436),(5,1436),(11,1437),(10,1437),(12,1437),(3,1437),(11,1437),(5,1438),(2,1438),(12,1438),(10,1438),(7,1439),(5,1439),(5,1439),(3,1439),(12,1440),(4,1440),(11,1440),(6,1441),(10,1442),(1,1442),(7,1443),(3,1443),(1,1443),(1,1444),(1,1444),(2,1444),(8,1444),(12,1444),(2,1445),(12,1445),(8,1445),(11,1445),(4,1446),(7,1447),(1,1447),(1,1448),(10,1448),(2,1448),(8,1449),(12,1449),(3,1449),(5,1449),(3,1450),(6,1450),(5,1450),(4,1451),(3,1451),(7,1452),(6,1452),(9,1452),(4,1452),(3,1453),(7,1454),(4,1455),(7,1455),(4,1455),(5,1456),(4,1456),(9,1457),(3,1458),(4,1458),(6,1459),(11,1459),(3,1459),(1,1460),(7,1460),(1,1460),(3,1461),(8,1461),(4,1461),(3,1462),(6,1462),(7,1463),(8,1463),(6,1464),(1,1464),(6,1464),(5,1465),(5,1465),(12,1466),(7,1466),(6,1466),(9,1466),(4,1467),(3,1467),(4,1467),(12,1467),(11,1468),(9,1468),(6,1468),(8,1468),(5,1468),(9,1469),(6,1469),(10,1469),(5,1469),(11,1470),(11,1470),(7,1470),(9,1470),(8,1471),(11,1471),(2,1472),(3,1473),(6,1473),(10,1473),(2,1474),(1,1474),(2,1474),(1,1474),(7,1475),(5,1475),(11,1475),(8,1475),(10,1476),(7,1476),(1,1477),(8,1478),(10,1478),(2,1478),(10,1479),(8,1479),(9,1479),(8,1479),(8,1480),(3,1480),(10,1480),(6,1481),(6,1481),(12,1481),(5,1481),(12,1482),(6,1483),(11,1484),(11,1484),(1,1484),(3,1484),(5,1485),(12,1485),(5,1485),(3,1485),(8,1486),(4,1487),(10,1487),(1,1487),(8,1488),(5,1488),(7,1488),(11,1488),(6,1489),(11,1489),(5,1489),(9,1489),(10,1489),(1,1490),(12,1490),(4,1490),(6,1490),(5,1491),(7,1491),(5,1491),(5,1492),(1,1493),(4,1493),(6,1494),(9,1494),(9,1494),(5,1495),(2,1495),(6,1495),(12,1496),(12,1496),(9,1496),(8,1496),(5,1497),(1,1497),(5,1497),(8,1498),(7,1498),(10,1498),(2,1498),(2,1499),(1,1500),(2,1500),(3,1500),(2,1501),(8,1502),(3,1502),(9,1502),(1,1502),(4,1503),(3,1503),(1,1503),(8,1504),(10,1504),(9,1505),(5,1506),(5,1506),(3,1506),(10,1506),(5,1506),(6,1507),(12,1507),(12,1508),(4,1509),(4,1509),(4,1509),(7,1509),(2,1509),(4,1510),(3,1510),(11,1510),(6,1510),(7,1510),(6,1511),(10,1511),(1,1511),(10,1512),(2,1512),(3,1512),(1,1513),(5,1513),(2,1513),(9,1513),(12,1514),(11,1514),(8,1514),(4,1514),(8,1515),(6,1515),(3,1515),(9,1515),(5,1515),(3,1516),(4,1516),(3,1516),(8,1516),(12,1517),(7,1518),(9,1519),(11,1519),(11,1519),(12,1519),(1,1519),(4,1520),(1,1520),(11,1520),(7,1520),(5,1520),(4,1522),(10,1522),(10,1522),(11,1522),(1,1522),(12,1523),(11,1524),(8,1524),(11,1524),(5,1524),(12,1525),(11,1525),(8,1525),(8,1525),(2,1526),(8,1526),(4,1526),(4,1527),(5,1527),(12,1527),(12,1527),(11,1528),(6,1528),(1,1528),(6,1529),(8,1529),(2,1530),(2,1530),(6,1531),(8,1531),(7,1532),(6,1532),(12,1532),(5,1533),(12,1533),(4,1534),(6,1534),(4,1534),(1,1535),(8,1535),(11,1535),(8,1535),(7,1536),(12,1537),(2,1538),(1,1538),(10,1538),(6,1539),(9,1539),(9,1539),(3,1539),(3,1539),(1,1540),(6,1540),(7,1540),(2,1540),(6,1541),(12,1541),(4,1541),(10,1542),(9,1542),(12,1542),(6,1542),(9,1544),(12,1544),(7,1545),(4,1545),(7,1545),(12,1545),(11,1546),(12,1546),(10,1547),(9,1547),(1,1547),(6,1547),(3,1548),(10,1548),(6,1548),(6,1548),(4,1548),(7,1549),(1,1549),(9,1549),(7,1550),(6,1550),(1,1550),(9,1550),(5,1551),(5,1551),(7,1551),(9,1551),(8,1551),(10,1552),(11,1552),(7,1553),(12,1553),(6,1553),(4,1553),(7,1554),(12,1554),(5,1554),(9,1554),(8,1554),(6,1555),(11,1555),(7,1555),(4,1556),(7,1556),(4,1556),(1,1556),(3,1556),(5,1557),(9,1557),(4,1558),(7,1558),(4,1558),(10,1558),(1,1558),(8,1559),(8,1559),(3,1560),(11,1560),(12,1560),(9,1560),(12,1560),(3,1561),(3,1561),(8,1561),(11,1561),(5,1561),(2,1562),(7,1563),(9,1563),(10,1563),(12,1563),(1,1564),(10,1565),(6,1565),(11,1565),(1,1565),(4,1565),(1,1566),(10,1566),(12,1566),(4,1566),(4,1567),(4,1567),(12,1567),(9,1567),(9,1567),(7,1568),(12,1568),(12,1569),(12,1569),(2,1569),(8,1569),(10,1569),(11,1570),(12,1571),(2,1571),(11,1571),(4,1571),(9,1572),(7,1573),(12,1573),(12,1574),(2,1574),(12,1574),(2,1574),(3,1574),(10,1575),(9,1576),(3,1576),(6,1576),(3,1577),(4,1578),(9,1579),(2,1579),(7,1579),(4,1579),(8,1579),(12,1580),(4,1580),(5,1580),(1,1581),(8,1581),(2,1582),(9,1582),(10,1582),(7,1582),(4,1583),(2,1583),(6,1583),(2,1583),(12,1584),(8,1585),(10,1585),(4,1585),(5,1585),(1,1586),(8,1586),(6,1586),(2,1587),(3,1587),(11,1588),(1,1588),(11,1588),(1,1588),(5,1588),(12,1589),(4,1589),(6,1589),(10,1590),(7,1591),(10,1591),(4,1591),(1,1591),(9,1592),(2,1592),(8,1593),(1,1594),(5,1594),(8,1594),(10,1596),(1,1596),(9,1596),(12,1598),(7,1599),(6,1599),(3,1599),(7,1599),(1,1599),(4,1600),(9,1600),(8,1600),(4,1600),(5,1600),(11,1601),(11,1601),(10,1601),(11,1602),(2,1602),(5,1602),(11,1602),(2,1603),(7,1603),(5,1603),(2,1603),(9,1603),(11,1604),(11,1604),(12,1604),(5,1605),(3,1605),(5,1606),(4,1606),(7,1606),(4,1606),(7,1606),(9,1607),(6,1607),(12,1607),(10,1608),(5,1609),(9,1609),(4,1609),(4,1609),(4,1609),(1,1610),(10,1610),(7,1611),(5,1611),(9,1611),(1,1611),(3,1612),(3,1612),(5,1612),(2,1613),(4,1613),(3,1613),(5,1613),(4,1613),(7,1614),(1,1615),(3,1615),(2,1615),(2,1616),(11,1616),(9,1616),(8,1617),(10,1618),(11,1618),(5,1618),(5,1618),(8,1619),(5,1620),(12,1620),(12,1620),(7,1621),(12,1621),(1,1622),(6,1622),(2,1622),(11,1623),(11,1623),(1,1623),(10,1623),(7,1624),(2,1625),(5,1626),(1,1626),(3,1626),(10,1627),(10,1627),(4,1627),(11,1627),(1,1627),(1,1628),(12,1628),(9,1628),(6,1628),(8,1629),(1,1629),(4,1629),(1,1629),(10,1630),(8,1630),(10,1630),(8,1631),(10,1631),(6,1631),(5,1631),(4,1632),(8,1632),(10,1632),(3,1632),(10,1633),(8,1633),(5,1633),(12,1633),(12,1633),(7,1634),(4,1635),(12,1635),(9,1636),(8,1636),(7,1636),(8,1636),(1,1636),(3,1637),(9,1638),(3,1638),(4,1639),(4,1639),(9,1639),(2,1639),(8,1640),(4,1640),(3,1640),(12,1640),(6,1641),(12,1642),(5,1643),(11,1643),(1,1644),(4,1644),(10,1644),(10,1645),(10,1645),(6,1645),(5,1645),(3,1646),(2,1646),(8,1646),(12,1646),(8,1646),(8,1647),(11,1647),(5,1647),(5,1648),(12,1648),(5,1648),(4,1649),(9,1649),(9,1650),(12,1650),(11,1650),(3,1651),(9,1651),(12,1651),(5,1651),(3,1652),(10,1652),(12,1652),(1,1652),(12,1652),(12,1653),(1,1653),(11,1654),(2,1654),(2,1654),(7,1655),(2,1655),(2,1656),(10,1656),(1,1656),(7,1657),(5,1657),(9,1657),(7,1658),(8,1658),(1,1658),(4,1659),(8,1660),(10,1660),(6,1660),(7,1660),(12,1660),(6,1661),(4,1661),(3,1661),(8,1661),(12,1662),(5,1662),(3,1662),(3,1662),(2,1662),(12,1663),(7,1663),(4,1663),(10,1664),(3,1664),(6,1665),(8,1666),(10,1666),(5,1666),(4,1666),(6,1666),(3,1667),(4,1668),(3,1668),(3,1669),(9,1670),(10,1670),(7,1671),(2,1671),(4,1671),(2,1671),(7,1672),(2,1673),(5,1673),(9,1673),(5,1673),(7,1674),(10,1674),(10,1674),(12,1674),(11,1674),(10,1675),(9,1675),(2,1676),(7,1676),(5,1676),(1,1676),(10,1677),(8,1677),(5,1678),(2,1679),(5,1679),(10,1679),(9,1679),(8,1679),(7,1680),(3,1680),(7,1680),(7,1680),(8,1680),(5,1681),(8,1681),(2,1681),(2,1681),(6,1681),(6,1683),(3,1683),(1,1683);
/*!40000 ALTER TABLE `MenuOrder` ENABLE KEYS */;
UNLOCK TABLES;

--
-- Table structure for table `MenuPosition`
--

DROP TABLE IF EXISTS `MenuPosition`;
/*!40101 SET @saved_cs_client     = @@character_set_client */;
/*!50503 SET character_set_client = utf8mb4 */;
CREATE TABLE `MenuPosition` (
  `PositionID` int NOT NULL,
  `MenuID` int NOT NULL,
  KEY `fk_MenuPosition_1_idx` (`PositionID`),
  KEY `fk_MenuPosition_2_idx` (`MenuID`),
  CONSTRAINT `fk_MenuPosition_1` FOREIGN KEY (`PositionID`) REFERENCES `Positions` (`PositionID`),
  CONSTRAINT `fk_MenuPosition_2` FOREIGN KEY (`MenuID`) REFERENCES `Menus` (`MenuID`)
) ENGINE=InnoDB DEFAULT CHARSET=utf8mb3;
/*!40101 SET character_set_client = @saved_cs_client */;

--
-- Dumping data for table `MenuPosition`
--

LOCK TABLES `MenuPosition` WRITE;
/*!40000 ALTER TABLE `MenuPosition` DISABLE KEYS */;
INSERT INTO `MenuPosition` VALUES (1,1),(2,1),(3,1),(4,2),(5,2),(6,3),(7,4),(8,4),(9,4),(10,7),(11,7),(12,7),(13,10),(14,10),(15,10),(16,5),(17,5),(18,5),(19,5),(20,5),(21,5),(22,6),(23,6),(24,6),(9,6),(48,6),(49,6),(25,11),(26,11),(27,11),(28,11),(29,11),(30,11),(31,11),(32,12),(33,12),(34,12),(35,12),(36,12),(37,12),(38,8),(39,8),(40,8),(41,8),(42,8),(43,9),(44,9),(45,9),(46,9),(47,9),(50,3),(51,3),(54,3),(5,3);
/*!40000 ALTER TABLE `MenuPosition` ENABLE KEYS */;
UNLOCK TABLES;

--
-- Table structure for table `Menus`
--

DROP TABLE IF EXISTS `Menus`;
/*!40101 SET @saved_cs_client     = @@character_set_client */;
/*!50503 SET character_set_client = utf8mb4 */;
CREATE TABLE `Menus` (
  `MenuID` int NOT NULL AUTO_INCREMENT,
  `MenuName` varchar(45) NOT NULL,
  `CuisineID` int NOT NULL,
  PRIMARY KEY (`MenuID`),
  KEY `fk_Menus_1_idx` (`CuisineID`),
  CONSTRAINT `fk_Menus_1` FOREIGN KEY (`CuisineID`) REFERENCES `Cuisine` (`CuisineID`)
) ENGINE=InnoDB AUTO_INCREMENT=13 DEFAULT CHARSET=utf8mb3;
/*!40101 SET character_set_client = @saved_cs_client */;

--
-- Dumping data for table `Menus`
--

LOCK TABLES `Menus` WRITE;
/*!40000 ALTER TABLE `Menus` DISABLE KEYS */;
INSERT INTO `Menus` VALUES (1,'Italian Classic Menu',1),(2,'Italian Modern Menu',1),(3,'Italian Evening Menu',1),(4,'French Parisian Menu',2),(5,'French Provencal Menu',2),(6,'French Evening Menu',2),(7,'Japanese Tokyo Menu',3),(8,'Japanese Osaka Menu',3),(9,'Japanese Evening Menu',3),(10,'Mexican Classic Menu',4),(11,'Mexican Modern Menu',4),(12,'Mexican Evening Menu',4);
/*!40000 ALTER TABLE `Menus` ENABLE KEYS */;
UNLOCK TABLES;

--
-- Table structure for table `OrderStatus`
--

DROP TABLE IF EXISTS `OrderStatus`;
/*!40101 SET @saved_cs_client     = @@character_set_client */;
/*!50503 SET character_set_client = utf8mb4 */;
CREATE TABLE `OrderStatus` (
  `StatusID` int NOT NULL AUTO_INCREMENT,
  `Status` varchar(45) NOT NULL,
  `StatusDescription` varchar(255) DEFAULT NULL,
  PRIMARY KEY (`StatusID`)
) ENGINE=InnoDB AUTO_INCREMENT=8 DEFAULT CHARSET=utf8mb3;
/*!40101 SET character_set_client = @saved_cs_client */;

--
-- Dumping data for table `OrderStatus`
--

LOCK TABLES `OrderStatus` WRITE;
/*!40000 ALTER TABLE `OrderStatus` DISABLE KEYS */;
INSERT INTO `OrderStatus` VALUES (1,'New','The order has been received'),(2,'Preparing','The order is being prepared'),(3,'Ready','The order is ready to be served or picked up'),(4,'Served','The order has been served to the customer'),(5,'Delivering','The order is in the process of being delivered'),(6,'Delivered','The order has been delivered to the customer'),(7,'Canceled','The order has been canceled');
/*!40000 ALTER TABLE `OrderStatus` ENABLE KEYS */;
UNLOCK TABLES;

--
-- Table structure for table `OrderStatusLog`
--

DROP TABLE IF EXISTS `OrderStatusLog`;
/*!40101 SET @saved_cs_client     = @@character_set_client */;
/*!50503 SET character_set_client = utf8mb4 */;
CREATE TABLE `OrderStatusLog` (
  `OrderStatusLogID` int NOT NULL AUTO_INCREMENT,
  `OrderID` int NOT NULL,
  `StatusID` int DEFAULT NULL,
  `StatusChangeDate` timestamp NOT NULL DEFAULT CURRENT_TIMESTAMP,
  PRIMARY KEY (`OrderStatusLogID`),
  KEY `fk_OrderStatusLog_1_idx` (`StatusID`),
  KEY `fk_OrderStatusLog_2_idx` (`OrderID`),
  CONSTRAINT `fk_OrderStatusLog_1` FOREIGN KEY (`StatusID`) REFERENCES `OrderStatus` (`StatusID`),
  CONSTRAINT `fk_OrderStatusLog_2` FOREIGN KEY (`OrderID`) REFERENCES `Orders` (`OrderID`)
) ENGINE=InnoDB AUTO_INCREMENT=45 DEFAULT CHARSET=utf8mb3;
/*!40101 SET character_set_client = @saved_cs_client */;

--
-- Dumping data for table `OrderStatusLog`
--

LOCK TABLES `OrderStatusLog` WRITE;
/*!40000 ALTER TABLE `OrderStatusLog` DISABLE KEYS */;
INSERT INTO `OrderStatusLog` VALUES (1,1,1,'2024-04-19 20:38:49'),(2,2,1,'2024-04-19 20:38:49'),(3,1,2,'2024-04-19 20:40:57'),(4,2,2,'2024-04-19 20:45:44'),(5,3,1,'2024-04-19 20:46:16'),(6,4,1,'2024-04-19 20:46:30'),(7,5,1,'2024-04-19 20:46:39'),(8,3,2,'2024-04-19 20:46:54'),(9,4,2,'2024-04-19 20:47:14'),(10,1,3,'2024-04-19 20:49:00'),(11,2,3,'2024-04-19 20:49:08'),(12,1,4,'2024-04-19 20:49:21'),(13,2,5,'2024-04-19 20:49:25'),(14,3,3,'2024-04-19 20:50:38'),(15,4,3,'2024-04-19 20:50:53'),(16,3,5,'2024-04-19 20:52:52'),(17,4,3,'2024-04-19 20:54:11'),(18,5,2,'2024-04-19 20:54:34'),(19,6,1,'2024-04-19 20:54:36'),(20,4,4,'2024-04-19 20:56:47'),(21,6,2,'2024-04-19 20:57:40'),(22,3,6,'2024-04-19 20:59:03'),(23,5,3,'2024-04-19 20:59:39'),(24,5,4,'2024-04-19 20:59:43'),(25,6,3,'2024-04-19 21:00:52'),(26,6,5,'2024-04-19 21:01:23'),(27,6,5,'2024-04-19 21:01:25'),(28,7,1,'2024-04-19 21:01:35'),(29,7,7,'2024-04-19 21:02:00'),(30,8,1,'2024-04-19 21:02:22'),(31,9,1,'2024-04-19 21:02:55'),(32,8,2,'2024-04-19 21:03:11'),(33,9,2,'2024-04-19 21:03:17'),(34,9,3,'2024-04-19 21:03:28'),(35,9,4,'2024-04-19 21:03:35'),(36,8,3,'2024-04-19 21:03:39'),(37,8,4,'2024-04-19 21:03:42'),(38,10,1,'2024-04-19 21:03:49'),(39,10,2,'2024-04-19 21:04:07'),(40,10,3,'2024-04-19 21:04:12'),(41,10,5,'2024-04-19 21:04:16'),(42,10,6,'2024-04-19 21:04:38');
/*!40000 ALTER TABLE `OrderStatusLog` ENABLE KEYS */;
UNLOCK TABLES;

--
-- Table structure for table `OrderType`
--

DROP TABLE IF EXISTS `OrderType`;
/*!40101 SET @saved_cs_client     = @@character_set_client */;
/*!50503 SET character_set_client = utf8mb4 */;
CREATE TABLE `OrderType` (
  `OrderTypeID` int NOT NULL AUTO_INCREMENT,
  `OrderType` varchar(45) NOT NULL,
  PRIMARY KEY (`OrderTypeID`)
) ENGINE=InnoDB AUTO_INCREMENT=4 DEFAULT CHARSET=utf8mb3;
/*!40101 SET character_set_client = @saved_cs_client */;

--
-- Dumping data for table `OrderType`
--

LOCK TABLES `OrderType` WRITE;
/*!40000 ALTER TABLE `OrderType` DISABLE KEYS */;
INSERT INTO `OrderType` VALUES (1,'Onsite'),(2,'Delivery'),(3,'Takeaway');
/*!40000 ALTER TABLE `OrderType` ENABLE KEYS */;
UNLOCK TABLES;

--
-- Table structure for table `Orders`
--

DROP TABLE IF EXISTS `Orders`;
/*!40101 SET @saved_cs_client     = @@character_set_client */;
/*!50503 SET character_set_client = utf8mb4 */;
CREATE TABLE `Orders` (
  `OrderID` int NOT NULL AUTO_INCREMENT,
  `OrderDate` timestamp NOT NULL DEFAULT CURRENT_TIMESTAMP,
  `Quantity` int NOT NULL,
  `TotalCost` decimal(10,2) DEFAULT NULL,
  `BookingID` int DEFAULT NULL,
  `OrderTypeID` int NOT NULL,
  `CustomerID` int NOT NULL,
  `TableNumber` int DEFAULT NULL,
  `IsDeleted` tinyint NOT NULL DEFAULT '0',
  PRIMARY KEY (`OrderID`),
  KEY `fk_Orders_3_idx` (`CustomerID`),
  KEY `fk_Orders_4_idx` (`TableNumber`),
  KEY `fk_Orders_1_idx` (`OrderTypeID`),
  KEY `fk_Orders_2_idx` (`BookingID`),
  CONSTRAINT `fk_Orders_1` FOREIGN KEY (`OrderTypeID`) REFERENCES `OrderType` (`OrderTypeID`),
  CONSTRAINT `fk_Orders_2` FOREIGN KEY (`BookingID`) REFERENCES `Bookings` (`BookingID`),
  CONSTRAINT `fk_Orders_3` FOREIGN KEY (`CustomerID`) REFERENCES `Customers` (`CustomerID`),
  CONSTRAINT `fk_Orders_4` FOREIGN KEY (`TableNumber`) REFERENCES `Tables` (`TableID`)
) ENGINE=InnoDB AUTO_INCREMENT=1684 DEFAULT CHARSET=utf8mb3;
/*!40101 SET character_set_client = @saved_cs_client */;

--
-- Dumping data for table `Orders`
--

LOCK TABLES `Orders` WRITE;
/*!40000 ALTER TABLE `Orders` DISABLE KEYS */;
INSERT INTO `Orders` VALUES (1,'2024-04-19 17:12:08',2,114.00,NULL,1,2,4,0),(2,'2024-04-19 17:55:55',2,105.50,116,1,25,9,0),(3,'2024-04-19 17:59:53',3,126.00,NULL,2,11,0,0),(4,'2024-04-19 18:03:11',3,138.00,4,1,15,4,0),(5,'2024-04-19 18:03:11',2,71.50,8,1,18,2,0),(6,'2024-04-19 18:06:41',3,78.00,NULL,3,24,0,0),(7,'2024-04-19 18:06:41',4,143.00,NULL,3,23,0,0),(8,'2024-04-19 18:09:54',3,139.00,10,1,19,1,0),(9,'2024-04-19 18:09:54',4,214.00,7,1,12,6,0),(10,'2024-04-19 18:13:04',5,209.00,NULL,2,16,0,0),(11,'2024-04-24 17:49:37',3,82.00,77,1,26,9,0),(12,'2024-03-29 22:15:48',2,114.00,237,1,29,10,0),(13,'2024-04-14 10:15:32',3,151.50,NULL,2,30,0,0),(14,'2024-04-10 19:15:22',3,146.00,55,1,12,8,0),(15,'2024-02-14 18:25:10',2,114.00,NULL,1,9,5,0),(18,'2024-01-10 14:15:10',4,150.00,137,1,23,2,0),(20,'2024-01-12 12:15:10',5,183.50,NULL,3,16,0,0),(21,'2024-02-02 15:25:00',1,22.00,NULL,2,16,0,0),(22,'2024-02-02 15:25:00',1,67.50,NULL,2,16,0,0),(23,'2024-01-22 09:35:20',1,49.50,NULL,3,26,0,0),(24,'2024-02-15 07:20:00',4,177.50,NULL,2,10,0,0),(25,'2024-03-10 11:45:30',2,73.50,NULL,1,28,5,0),(26,'2024-01-05 14:10:00',3,106.50,NULL,3,5,0,0),(27,'2024-04-20 07:30:45',5,226.00,NULL,1,18,7,0),(28,'2024-02-29 16:55:20',1,22.00,NULL,2,12,0,0),(29,'2024-04-15 12:20:10',4,171.00,NULL,3,30,0,0),(30,'2024-03-05 10:40:55',3,91.50,NULL,1,8,9,0),(31,'2024-01-10 06:15:30',2,85.50,NULL,2,22,0,0),(32,'2024-04-25 14:25:00',1,32.00,NULL,3,17,0,0),(33,'2024-02-18 12:50:45',5,228.50,86,1,12,8,0),(34,'2024-01-20 09:35:20',4,171.00,NULL,2,25,0,0),(35,'2024-03-10 07:40:30',3,116.50,NULL,3,10,0,0),(36,'2024-02-05 13:15:10',2,105.50,NULL,1,28,7,0),(37,'2024-04-15 09:55:55',1,32.00,NULL,2,15,0,0),(38,'2024-01-25 08:30:00',5,220.50,NULL,3,7,0,0),(39,'2024-03-20 16:45:30',4,152.50,206,1,20,9,0),(40,'2024-02-15 12:10:45',3,70.00,NULL,2,12,0,0),(41,'2024-01-05 07:20:00',2,102.50,NULL,3,30,0,0),(42,'2024-04-10 09:35:30',1,28.00,59,1,10,8,0),(43,'2024-02-25 14:50:10',5,220.50,NULL,2,18,0,0),(44,'2024-01-15 08:40:55',4,192.00,NULL,3,12,0,0),(45,'2024-03-05 06:15:30',3,130.50,NULL,1,25,7,0),(46,'2024-04-20 12:25:00',2,74.50,NULL,2,8,0,0),(47,'2024-01-10 12:50:45',1,49.50,NULL,3,22,0,0),(48,'2024-03-25 09:35:20',5,200.50,NULL,1,15,6,0),(49,'2024-02-20 07:40:30',4,183.50,NULL,2,5,0,0),(50,'2024-01-05 13:15:10',3,145.00,NULL,3,28,0,0),(51,'2024-04-15 07:30:00',2,95.50,58,1,12,8,0),(52,'2024-02-10 16:45:30',1,46.50,NULL,2,20,0,0),(53,'2024-01-25 12:10:45',5,255.50,NULL,3,10,0,0),(55,'2024-02-15 10:35:30',3,132.00,NULL,2,18,0,0),(56,'2024-01-05 14:50:10',2,70.50,NULL,3,12,0,0),(57,'2024-04-10 07:40:55',1,28.00,167,1,25,6,0),(58,'2024-03-25 06:15:30',5,267.00,NULL,2,8,0,0),(59,'2024-02-20 13:25:00',4,166.00,NULL,3,22,0,0),(60,'2024-01-15 09:35:20',3,180.50,123,1,15,5,0),(61,'2024-04-05 15:45:30',2,64.00,NULL,2,10,0,0),(62,'2024-02-29 12:10:45',1,21.00,NULL,3,28,0,0),(63,'2024-01-20 07:20:00',5,210.50,NULL,1,12,4,0),(64,'2024-03-10 10:35:30',4,147.00,NULL,2,18,0,0),(65,'2024-02-05 14:50:10',3,182.50,NULL,3,25,0,0),(66,'2024-04-15 07:40:55',2,110.00,69,1,8,3,0),(67,'2024-01-25 06:15:30',1,56.00,NULL,2,30,0,0),(68,'2024-03-20 13:25:00',5,247.00,NULL,3,20,0,0),(77,'2024-02-15 09:35:20',1,21.00,NULL,3,15,0,0),(78,'2024-01-05 16:45:30',5,247.00,NULL,1,12,7,0),(79,'2024-04-10 11:10:45',4,166.00,NULL,2,28,0,0),(80,'2024-02-25 07:20:00',3,133.50,NULL,3,10,0,0),(81,'2024-01-15 10:35:30',2,125.00,NULL,1,18,6,0),(82,'2024-04-05 13:50:10',1,46.50,NULL,2,25,0,0),(83,'2024-02-29 08:40:55',5,217.00,NULL,3,8,0,0),(84,'2024-01-20 06:15:30',4,188.50,NULL,1,30,2,0),(85,'2024-03-10 13:25:00',3,132.00,NULL,2,20,0,0),(86,'2024-02-05 09:35:20',2,71.50,NULL,3,15,0,0),(87,'2024-04-15 15:45:30',1,67.50,NULL,1,12,1,0),(88,'2024-01-25 12:10:45',5,223.50,NULL,2,28,0,0),(89,'2024-03-20 07:20:00',4,156.00,NULL,3,10,0,0),(90,'2024-02-15 10:35:30',3,95.50,NULL,1,18,8,0),(91,'2024-01-05 14:50:10',2,87.50,NULL,2,25,0,0),(92,'2024-04-10 07:40:55',1,46.50,NULL,3,8,0,0),(93,'2024-02-25 06:15:30',5,181.00,149,1,30,7,0),(94,'2024-01-15 13:25:00',4,120.50,NULL,2,20,0,0),(96,'2024-04-20 15:45:30',2,102.50,76,1,12,6,0),(97,'2024-02-10 12:10:45',1,21.00,NULL,2,28,0,0),(98,'2024-01-25 07:20:00',5,181.00,NULL,3,10,0,0),(99,'2024-03-20 10:35:30',4,180.00,136,1,18,5,0),(100,'2024-02-15 14:50:10',3,126.50,NULL,2,25,0,0),(101,'2024-01-05 08:40:55',2,77.50,NULL,3,8,0,0),(102,'2024-04-10 05:15:30',1,63.50,NULL,1,30,3,0),(103,'2024-02-25 13:25:00',5,231.00,NULL,2,20,0,0),(105,'2024-03-05 16:45:30',3,132.00,45,1,12,1,0),(106,'2024-04-20 11:10:45',2,67.50,NULL,2,28,0,0),(107,'2024-02-10 07:20:00',1,57.50,NULL,3,10,0,0),(108,'2024-01-25 10:35:30',5,219.00,209,1,18,9,0),(109,'2024-03-20 14:50:10',4,179.50,NULL,2,25,0,0),(110,'2024-02-15 08:40:55',3,65.00,NULL,3,8,0,0),(111,'2024-01-05 06:15:30',2,110.00,NULL,1,30,3,0),(112,'2024-04-10 12:25:00',1,46.50,NULL,2,20,0,0),(113,'2024-02-25 09:35:20',5,245.00,NULL,3,15,0,0),(114,'2024-01-15 16:45:30',4,175.50,50,1,12,1,0),(115,'2024-03-05 12:10:45',3,163.50,NULL,2,28,0,0),(116,'2024-04-20 06:20:00',2,110.00,NULL,3,10,0,0),(617,'2023-04-11 08:42:17',5,245.00,NULL,3,100,0,0),(618,'2023-01-12 14:06:58',4,206.50,NULL,3,219,0,0),(619,'2022-06-23 10:39:22',5,148.50,NULL,2,102,0,0),(620,'2022-01-07 18:19:33',1,22.00,NULL,1,1,2,0),(621,'2021-11-09 17:57:23',2,43.00,113,1,60,5,0),(622,'2022-08-10 19:39:12',2,93.00,NULL,1,120,1,0),(623,'2023-09-28 18:41:37',3,99.00,NULL,1,105,2,0),(624,'2023-11-09 11:48:12',5,199.00,NULL,3,125,0,0),(625,'2023-06-08 17:41:53',1,56.00,NULL,3,124,0,0),(626,'2022-10-08 09:40:37',3,89.50,NULL,2,59,0,0),(627,'2022-07-23 10:50:23',2,114.00,NULL,1,111,9,0),(628,'2023-02-10 10:41:14',3,180.50,NULL,2,185,0,0),(629,'2023-04-17 13:56:09',1,46.50,220,1,153,8,0),(630,'2021-11-13 18:31:27',3,145.00,NULL,2,89,0,0),(631,'2021-05-23 12:08:34',4,126.00,NULL,2,227,0,0),(632,'2022-04-11 18:42:11',1,57.50,NULL,3,211,0,0),(633,'2021-08-24 11:22:10',5,194.00,NULL,2,176,0,0),(634,'2023-04-03 12:06:46',5,187.00,NULL,3,68,0,0),(635,'2023-08-09 13:38:01',4,128.50,NULL,2,205,0,0),(636,'2022-01-31 11:03:58',2,74.50,NULL,2,124,0,0),(637,'2022-11-25 16:17:20',5,208.00,NULL,2,165,0,0),(638,'2021-09-30 18:45:24',1,57.50,NULL,2,59,0,0),(639,'2021-08-19 19:30:20',5,274.50,NULL,2,64,0,0),(640,'2022-07-27 13:24:25',4,146.50,NULL,2,84,0,0),(641,'2021-04-24 16:35:47',2,121.00,NULL,2,112,0,0),(642,'2022-05-19 13:35:58',5,274.00,NULL,3,50,0,0),(643,'2021-08-29 11:11:36',3,167.50,NULL,3,17,0,0),(644,'2023-10-06 17:44:13',2,67.50,NULL,3,14,0,0),(645,'2022-08-31 15:55:22',3,108.00,NULL,3,153,0,0),(646,'2022-06-15 11:12:44',3,134.00,NULL,2,138,0,0),(647,'2022-10-19 11:44:58',2,54.00,NULL,2,164,0,0),(648,'2021-01-22 20:18:40',3,100.50,NULL,3,7,0,0),(649,'2021-01-26 13:22:33',1,63.50,NULL,1,93,2,0),(650,'2022-12-29 15:07:38',1,24.00,NULL,3,24,0,0),(651,'2021-06-04 12:54:12',5,294.50,NULL,2,111,0,0),(652,'2022-05-08 18:00:55',2,102.50,NULL,1,120,3,0),(653,'2023-01-19 15:37:24',5,207.50,NULL,1,205,9,0),(654,'2023-02-09 09:28:36',1,56.00,NULL,3,122,0,0),(655,'2022-03-26 14:00:55',5,256.00,NULL,2,86,0,0),(656,'2021-04-07 20:32:10',3,100.50,225,1,188,8,0),(657,'2021-05-28 20:44:05',4,180.50,NULL,3,187,0,0),(658,'2022-09-29 12:47:17',3,132.00,65,1,189,5,0),(659,'2022-01-15 20:13:56',3,130.50,NULL,1,176,8,0),(660,'2021-12-04 18:39:17',3,72.00,51,1,61,4,0),(661,'2022-09-05 18:23:37',4,166.00,NULL,3,114,0,0),(662,'2023-12-06 15:40:44',3,99.50,NULL,3,98,0,0),(663,'2021-05-30 14:35:57',1,32.00,NULL,3,87,0,0),(664,'2022-03-09 17:44:28',2,89.50,NULL,3,158,0,0),(665,'2022-07-16 08:24:31',2,68.50,NULL,3,152,0,0),(666,'2021-07-08 08:05:19',1,24.00,NULL,1,104,4,0),(667,'2021-04-04 12:55:10',5,209.50,233,1,71,10,0),(668,'2022-08-29 14:51:53',2,74.50,240,1,154,9,0),(669,'2021-03-31 19:40:11',3,102.50,NULL,3,98,0,0),(670,'2023-11-30 17:38:19',3,95.50,125,1,177,5,0),(671,'2022-09-25 10:23:10',2,56.00,NULL,2,52,0,0),(672,'2021-08-22 15:03:06',5,256.00,NULL,3,148,0,0),(673,'2023-03-31 17:49:28',5,247.50,NULL,2,104,0,0),(674,'2021-06-16 08:41:58',5,202.50,NULL,2,67,0,0),(675,'2021-11-27 10:53:22',2,105.50,NULL,3,219,0,0),(676,'2023-09-05 14:36:37',1,63.50,NULL,3,186,0,0),(677,'2023-09-12 12:51:04',5,209.50,119,1,169,2,0),(678,'2023-03-13 13:28:27',3,141.00,NULL,1,229,8,0),(679,'2021-11-14 21:30:13',4,181.00,NULL,2,144,0,0),(680,'2022-08-11 12:30:52',4,114.50,NULL,2,50,0,0),(681,'2023-09-19 19:53:28',1,46.50,NULL,3,144,0,0),(682,'2022-02-16 18:40:40',4,163.00,43,1,223,9,0),(683,'2023-02-11 20:29:30',5,235.00,NULL,2,216,0,0),(684,'2021-01-07 17:40:49',4,197.50,41,1,77,8,0),(685,'2022-09-11 13:57:58',3,91.50,188,1,102,6,0),(686,'2022-07-03 16:08:06',2,113.50,NULL,2,26,0,0),(687,'2021-09-23 20:19:25',4,166.00,90,1,95,3,0),(688,'2022-01-13 13:21:37',4,177.50,156,1,24,2,0),(689,'2022-12-31 14:24:51',3,77.00,NULL,3,128,0,0),(690,'2023-05-15 11:17:18',4,189.50,NULL,3,22,0,0),(691,'2021-11-26 20:54:51',4,188.00,NULL,2,134,0,0),(692,'2021-09-18 15:01:00',1,32.00,NULL,2,208,0,0),(693,'2023-10-20 08:23:58',4,162.00,NULL,3,80,0,0),(694,'2021-03-18 13:21:04',1,24.00,118,1,229,5,0),(695,'2022-03-28 11:11:30',5,244.00,NULL,1,66,2,0),(696,'2022-01-27 20:16:25',5,213.00,NULL,1,195,6,0),(697,'2023-03-09 14:43:05',1,49.50,226,1,19,8,0),(698,'2021-01-17 21:25:15',3,167.50,241,1,214,8,0),(699,'2022-12-20 12:02:08',4,137.00,NULL,3,36,0,0),(700,'2023-11-04 11:09:53',2,73.50,190,1,83,9,0),(701,'2022-03-10 17:49:19',1,22.00,NULL,3,146,0,0),(702,'2023-06-12 20:56:22',4,191.50,NULL,2,23,0,0),(703,'2021-06-22 19:31:33',5,277.50,67,1,203,7,0),(704,'2021-02-25 12:57:36',5,208.50,NULL,3,9,0,0),(705,'2021-09-12 16:03:10',2,123.50,NULL,1,51,6,0),(706,'2022-09-03 12:30:49',1,56.00,NULL,3,224,0,0),(707,'2023-05-23 20:04:48',2,78.50,NULL,2,146,0,0),(708,'2021-08-27 09:17:48',3,116.50,NULL,2,101,0,0),(709,'2022-11-17 21:03:16',4,188.50,NULL,2,102,0,0),(710,'2023-03-23 15:08:17',5,259.00,NULL,3,166,0,0),(711,'2023-08-29 20:43:36',2,78.00,NULL,3,193,0,0),(712,'2023-11-12 19:12:27',2,85.50,NULL,3,144,0,0),(713,'2022-05-30 12:56:32',5,124.00,NULL,1,3,10,0),(714,'2022-06-18 20:27:40',3,133.00,NULL,1,92,6,0),(715,'2023-04-08 14:33:26',2,96.00,NULL,2,205,0,0),(716,'2023-12-10 11:24:21',5,193.50,54,1,49,8,0),(717,'2023-08-25 11:10:24',2,131.00,NULL,3,185,0,0),(718,'2021-06-15 17:41:39',5,265.00,NULL,3,20,0,0),(719,'2023-02-20 09:02:58',3,184.50,NULL,3,36,0,0),(720,'2022-06-11 12:21:25',4,125.50,NULL,2,56,0,0),(721,'2022-07-17 17:57:53',5,167.50,145,1,192,9,0),(722,'2022-03-30 20:57:27',2,53.00,148,1,72,10,0),(723,'2021-06-17 09:29:24',5,201.00,NULL,3,20,0,0),(724,'2022-06-09 11:26:38',2,81.50,NULL,3,109,0,0),(725,'2023-09-20 15:50:24',1,28.00,NULL,2,68,0,0),(726,'2023-10-30 14:12:00',2,67.50,NULL,1,67,2,0),(727,'2022-08-01 11:59:12',5,219.50,NULL,1,229,9,0),(728,'2021-06-06 10:52:08',2,93.00,NULL,1,69,8,0),(729,'2023-01-06 10:29:51',4,143.00,NULL,2,202,0,0),(730,'2023-10-13 18:39:59',5,173.00,NULL,3,181,0,0),(731,'2021-05-30 15:23:53',4,110.00,NULL,1,88,9,0),(732,'2023-02-22 17:16:33',4,117.50,NULL,1,43,4,0),(733,'2021-01-21 18:11:28',2,102.50,NULL,2,171,0,0),(734,'2021-11-27 15:11:07',3,95.50,143,1,124,3,0),(735,'2023-03-26 08:57:22',2,78.50,NULL,1,118,1,0),(736,'2022-04-10 17:57:41',3,115.00,NULL,3,21,0,0),(737,'2023-05-29 09:08:50',3,142.00,178,1,128,6,0),(738,'2023-10-17 08:48:42',3,78.00,NULL,1,29,1,0),(739,'2022-02-07 09:13:39',4,136.50,NULL,3,117,0,0),(740,'2022-09-08 10:16:13',1,63.50,NULL,2,138,0,0),(741,'2021-06-08 15:26:35',4,207.50,NULL,1,146,8,0),(742,'2021-08-04 11:45:48',3,112.00,NULL,2,90,0,0),(743,'2021-07-14 14:06:05',3,75.00,NULL,2,180,0,0),(744,'2021-09-02 10:27:36',3,124.50,NULL,3,123,0,0),(745,'2022-05-28 09:29:51',5,230.50,NULL,2,10,0,0),(746,'2023-10-27 16:01:04',5,189.00,NULL,2,210,0,0),(747,'2022-06-25 12:39:31',1,56.00,NULL,2,222,0,0),(748,'2021-07-07 11:33:10',5,193.00,NULL,2,59,0,0),(749,'2022-11-05 18:55:08',2,110.00,NULL,3,203,0,0),(750,'2022-02-28 21:17:46',5,225.50,70,1,138,7,0),(751,'2021-04-25 09:34:01',5,234.50,134,1,82,7,0),(752,'2021-02-11 16:07:28',1,24.00,NULL,3,221,0,0),(753,'2022-04-15 16:12:37',2,78.50,NULL,2,137,0,0),(754,'2022-12-07 20:54:21',4,130.50,NULL,1,89,5,0),(755,'2022-10-21 17:43:19',4,157.00,NULL,2,122,0,0),(756,'2022-01-20 20:18:37',5,165.50,NULL,2,19,0,0),(757,'2023-02-19 21:07:23',5,158.50,NULL,3,150,0,0),(758,'2021-12-26 12:39:05',2,93.00,NULL,3,199,0,0),(759,'2022-05-15 08:45:07',5,223.50,NULL,3,148,0,0),(760,'2022-09-05 16:26:18',5,177.00,NULL,1,195,2,0),(761,'2023-11-04 19:07:18',5,246.00,NULL,3,95,0,0),(762,'2022-01-24 14:23:51',4,146.00,NULL,2,186,0,0),(763,'2023-06-20 08:08:00',2,68.50,48,1,72,7,0),(764,'2021-07-01 15:28:44',4,170.00,NULL,3,117,0,0),(765,'2022-06-27 19:41:00',1,63.50,NULL,3,98,0,0),(766,'2021-03-28 13:24:51',2,123.50,NULL,1,102,10,0),(767,'2022-03-16 10:57:50',2,67.50,94,1,167,1,0),(768,'2023-03-24 12:19:05',1,67.50,NULL,1,181,1,0),(769,'2023-01-28 20:25:41',2,43.00,NULL,3,92,0,0),(770,'2021-09-13 11:47:13',3,153.00,NULL,3,88,0,0),(771,'2022-08-10 11:33:58',1,24.00,NULL,2,9,0,0),(772,'2021-02-20 20:02:01',1,22.00,NULL,2,27,0,0),(773,'2022-10-28 17:27:04',1,24.00,NULL,3,64,0,0),(774,'2022-01-23 14:17:13',1,46.50,NULL,3,128,0,0),(775,'2022-09-13 20:55:55',1,57.50,NULL,1,66,3,0),(776,'2022-03-20 13:30:13',4,224.00,NULL,3,11,0,0),(777,'2023-08-02 19:18:15',2,70.50,NULL,3,211,0,0),(778,'2022-02-22 16:46:34',2,77.00,NULL,3,18,0,0),(779,'2021-09-19 19:34:58',2,89.50,NULL,2,72,0,0),(780,'2022-02-20 21:55:48',1,21.00,NULL,2,88,0,0),(781,'2022-07-31 14:49:59',3,125.00,NULL,3,174,0,0),(782,'2023-10-11 13:09:09',3,150.50,NULL,2,204,0,0),(783,'2023-11-05 13:32:47',2,77.50,NULL,3,25,0,0),(784,'2022-12-14 16:20:48',4,153.00,126,1,211,3,0),(785,'2022-03-27 17:30:49',2,91.50,NULL,3,19,0,0),(786,'2021-07-19 12:51:09',2,114.00,NULL,3,179,0,0),(787,'2021-09-25 14:28:55',2,107.00,NULL,3,41,0,0),(788,'2022-12-11 09:42:55',2,84.50,NULL,1,7,1,0),(789,'2023-09-27 08:14:06',1,21.00,NULL,2,101,0,0),(790,'2022-02-22 19:45:42',4,175.00,NULL,3,166,0,0),(791,'2021-02-12 12:18:20',1,32.00,NULL,1,142,8,0),(792,'2023-10-17 18:22:59',5,214.00,NULL,3,163,0,0),(793,'2021-10-02 17:16:29',4,178.50,NULL,1,158,5,0),(794,'2022-05-10 17:58:54',5,182.00,NULL,2,216,0,0),(795,'2022-03-03 19:05:42',5,228.50,174,1,165,6,0),(796,'2021-01-19 14:20:51',1,57.50,NULL,2,167,0,0),(797,'2021-10-28 19:58:36',2,77.00,NULL,1,126,9,0),(798,'2021-11-02 15:35:05',3,136.00,NULL,2,93,0,0),(799,'2023-05-08 19:52:58',5,225.50,NULL,2,155,0,0),(800,'2022-10-18 12:11:59',3,75.00,NULL,3,47,0,0),(801,'2023-01-26 09:46:53',3,142.50,NULL,1,102,5,0),(802,'2022-08-11 14:10:51',3,173.00,NULL,3,222,0,0),(803,'2023-08-16 11:40:33',5,218.00,NULL,3,79,0,0),(804,'2023-02-26 19:51:55',3,116.50,NULL,3,229,0,0),(805,'2022-09-20 15:22:08',2,88.00,194,1,195,1,0),(806,'2021-11-13 21:48:31',3,144.50,NULL,1,133,7,0),(807,'2021-09-28 10:30:28',5,219.50,NULL,3,28,0,0),(808,'2021-01-21 19:20:58',2,85.50,NULL,2,166,0,0),(809,'2021-04-25 09:55:54',2,89.50,NULL,3,57,0,0),(810,'2023-09-02 10:24:15',1,56.00,NULL,2,21,0,0),(811,'2021-03-21 21:10:17',4,198.00,NULL,2,185,0,0),(812,'2023-06-29 13:53:33',5,205.00,NULL,3,224,0,0),(813,'2022-01-13 19:06:02',1,49.50,NULL,2,150,0,0),(814,'2023-02-20 14:12:20',1,21.00,NULL,3,64,0,0),(815,'2023-01-20 12:00:25',3,170.00,NULL,2,57,0,0),(816,'2022-08-26 14:04:54',4,201.50,NULL,2,117,0,0),(817,'2022-11-11 17:20:55',3,105.50,NULL,2,123,0,0),(818,'2022-10-18 08:38:09',1,49.50,NULL,1,114,6,0),(819,'2023-02-11 12:45:46',1,57.50,NULL,3,13,0,0),(820,'2021-12-05 21:44:41',2,64.00,166,1,42,4,0),(821,'2022-07-14 18:34:29',3,179.50,NULL,1,102,3,0),(822,'2021-03-27 15:11:33',4,192.00,NULL,1,180,6,0),(823,'2022-02-20 13:21:36',4,153.00,NULL,2,164,0,0),(824,'2023-02-28 11:01:56',5,212.50,60,1,17,5,0),(825,'2022-08-18 18:00:04',4,226.50,NULL,2,147,0,0),(826,'2021-06-14 12:45:15',3,152.00,NULL,2,155,0,0),(827,'2021-10-15 17:03:40',2,45.00,NULL,3,124,0,0),(828,'2021-10-22 19:32:19',2,102.50,NULL,3,100,0,0),(829,'2023-03-18 16:10:31',4,150.00,NULL,3,98,0,0),(830,'2021-10-05 15:11:01',2,70.50,NULL,2,219,0,0),(831,'2021-03-16 12:01:36',5,163.50,NULL,2,71,0,0),(832,'2023-05-27 18:48:12',1,56.00,NULL,2,151,0,0),(833,'2023-12-04 13:18:12',2,68.50,NULL,3,91,0,0),(834,'2021-09-23 08:41:45',5,113.00,NULL,3,101,0,0),(835,'2022-12-30 13:10:11',5,187.00,NULL,3,185,0,0),(836,'2023-03-11 16:25:54',2,67.50,NULL,2,30,0,0),(837,'2022-04-06 09:27:56',5,182.00,NULL,2,122,0,0),(838,'2022-08-29 09:36:21',4,209.00,NULL,1,88,3,0),(839,'2022-02-22 21:50:12',1,21.00,NULL,3,79,0,0),(840,'2022-03-24 21:09:32',1,22.00,88,1,190,4,0),(841,'2023-02-05 20:00:40',5,203.00,64,1,158,8,0),(842,'2023-11-30 12:31:05',5,197.00,NULL,1,94,3,0),(843,'2022-03-13 21:00:26',1,24.00,NULL,3,114,0,0),(844,'2022-04-05 08:10:33',3,135.00,NULL,2,210,0,0),(845,'2022-01-29 16:22:10',5,217.00,NULL,2,163,0,0),(846,'2023-04-29 13:18:45',2,99.00,NULL,1,48,7,0),(847,'2023-04-20 09:57:51',2,102.50,NULL,3,32,0,0),(848,'2021-04-02 09:35:30',3,153.00,NULL,2,183,0,0),(849,'2021-12-20 17:39:38',3,153.50,NULL,1,60,3,0),(850,'2021-06-30 10:32:41',1,22.00,NULL,2,3,0,0),(851,'2023-11-23 16:03:07',5,197.50,NULL,2,82,0,0),(852,'2022-01-23 16:33:06',3,145.50,NULL,1,176,9,0),(853,'2021-03-12 19:47:42',2,85.50,78,1,203,7,0),(854,'2021-01-29 16:17:18',1,67.50,NULL,1,91,3,0),(855,'2022-08-12 10:18:08',3,110.50,NULL,3,164,0,0),(856,'2021-07-10 12:02:56',3,145.00,141,1,103,1,0),(857,'2022-11-01 17:46:02',5,186.00,NULL,2,229,0,0),(858,'2023-08-27 08:00:11',3,128.00,NULL,2,30,0,0),(859,'2021-07-01 08:20:08',3,71.00,85,1,89,4,0),(860,'2022-12-05 14:20:07',3,101.50,NULL,3,219,0,0),(861,'2021-09-12 11:58:38',3,100.50,NULL,2,123,0,0),(862,'2021-02-24 10:14:08',5,188.50,NULL,3,62,0,0),(863,'2021-04-10 10:36:18',5,195.00,NULL,3,123,0,0),(864,'2023-12-06 11:15:29',5,116.00,NULL,2,123,0,0),(865,'2022-05-25 13:07:55',2,91.50,NULL,2,201,0,0),(866,'2023-07-18 12:49:35',1,63.50,NULL,1,185,2,0),(867,'2021-04-04 11:57:23',2,70.50,NULL,3,96,0,0),(868,'2021-12-12 16:17:17',2,67.50,NULL,1,13,1,0),(869,'2023-06-24 12:35:27',5,194.00,NULL,3,121,0,0),(870,'2023-05-24 10:46:21',4,137.50,133,1,18,5,0),(871,'2023-11-06 13:36:45',5,205.00,NULL,2,3,0,0),(872,'2021-07-10 19:14:41',2,70.50,NULL,2,76,0,0),(873,'2022-07-02 09:13:08',5,210.50,NULL,3,29,0,0),(874,'2021-05-05 10:26:35',5,237.00,NULL,2,209,0,0),(875,'2022-04-23 10:28:07',4,150.50,NULL,2,205,0,0),(876,'2021-01-03 14:18:44',2,125.00,NULL,1,222,3,0),(877,'2022-11-21 13:32:17',4,172.50,NULL,2,140,0,0),(878,'2022-07-20 16:32:15',5,187.00,NULL,1,190,5,0),(879,'2021-03-31 14:44:26',3,107.50,NULL,3,40,0,0),(880,'2022-12-04 11:06:58',2,107.00,NULL,3,106,0,0),(881,'2022-03-07 11:24:53',1,46.50,NULL,2,66,0,0),(882,'2021-03-26 09:53:01',1,67.50,NULL,3,79,0,0),(883,'2022-04-17 08:12:07',2,42.00,NULL,3,126,0,0),(884,'2022-01-25 16:36:19',1,21.00,NULL,2,224,0,0),(885,'2023-01-02 09:24:13',3,81.00,NULL,2,111,0,0),(886,'2021-10-17 12:26:59',1,22.00,NULL,1,16,2,0),(887,'2021-03-30 15:30:32',2,81.50,NULL,3,209,0,0),(888,'2022-07-08 12:50:22',2,68.50,NULL,2,87,0,0),(889,'2021-06-13 14:36:40',2,110.00,NULL,2,50,0,0),(890,'2022-04-20 08:39:04',5,165.50,NULL,1,222,3,0),(891,'2023-11-05 14:01:05',1,46.50,NULL,2,62,0,0),(892,'2021-09-10 09:22:20',5,182.50,NULL,2,226,0,0),(893,'2021-03-29 15:22:26',4,143.00,NULL,3,126,0,0),(894,'2021-08-04 15:04:08',5,233.50,NULL,2,206,0,0),(895,'2022-02-02 21:44:25',5,223.50,NULL,3,78,0,0),(896,'2022-05-24 17:27:16',2,64.00,NULL,3,135,0,0),(898,'2022-07-02 08:33:55',2,123.50,NULL,1,119,6,0),(899,'2022-04-22 16:52:21',2,46.00,NULL,2,205,0,0),(900,'2023-05-05 20:07:04',3,113.50,NULL,3,176,0,0),(901,'2021-04-10 18:03:03',5,165.50,NULL,1,13,8,0),(902,'2021-05-06 16:06:05',2,50.00,NULL,1,221,3,0),(903,'2021-10-12 17:11:30',1,56.00,NULL,1,222,7,0),(904,'2022-04-14 10:14:00',1,46.50,NULL,3,63,0,0),(905,'2021-05-02 10:12:01',4,134.00,NULL,2,103,0,0),(906,'2021-07-25 16:11:58',4,155.50,NULL,3,7,0,0),(907,'2021-12-27 19:37:09',1,32.00,63,1,215,4,0),(908,'2022-05-08 09:14:01',3,135.50,105,1,77,8,0),(909,'2021-01-21 21:25:06',2,70.50,NULL,1,172,2,0),(910,'2022-03-29 09:46:54',5,187.00,NULL,2,35,0,0),(911,'2022-01-01 11:03:29',3,109.50,NULL,3,93,0,0),(912,'2021-12-13 17:20:12',2,56.00,42,1,182,4,0),(913,'2023-09-17 08:27:19',2,81.50,NULL,2,94,0,0),(914,'2023-01-04 12:40:06',5,205.50,NULL,2,137,0,0),(915,'2021-11-23 18:58:07',2,87.50,NULL,2,109,0,0),(916,'2021-11-29 10:43:07',3,115.00,NULL,1,182,9,0),(917,'2023-12-12 12:46:29',1,21.00,NULL,2,186,0,0),(918,'2021-09-14 16:16:43',5,254.50,216,1,69,10,0),(919,'2023-09-25 13:29:16',3,128.00,NULL,2,3,0,0),(920,'2021-08-26 11:28:44',1,46.50,NULL,1,124,1,0),(921,'2021-11-07 14:39:41',5,176.50,124,1,105,5,0),(922,'2021-12-20 15:07:41',4,147.00,NULL,1,227,5,0),(923,'2023-03-06 13:00:58',4,199.50,NULL,3,100,0,0),(924,'2021-07-12 20:51:09',4,207.00,NULL,2,154,0,0),(925,'2023-01-31 17:56:42',3,134.00,NULL,3,225,0,0),(926,'2021-05-09 18:14:40',2,93.00,NULL,3,23,0,0),(927,'2022-12-08 10:07:19',1,46.50,NULL,3,114,0,0),(928,'2022-11-18 17:49:38',1,57.50,NULL,2,201,0,0),(929,'2023-12-25 17:29:09',2,46.00,NULL,2,73,0,0),(930,'2023-06-30 11:08:24',4,156.00,NULL,2,178,0,0),(931,'2023-06-23 13:53:14',4,194.00,NULL,2,76,0,0),(932,'2022-06-13 20:06:49',3,105.50,NULL,3,50,0,0),(933,'2023-01-29 20:39:25',2,67.50,NULL,3,11,0,0),(934,'2022-10-09 09:48:04',3,120.50,NULL,2,225,0,0),(935,'2021-10-28 14:02:41',1,57.50,NULL,3,67,0,0),(936,'2022-08-31 20:15:19',5,284.00,NULL,3,162,0,0),(937,'2022-11-05 18:39:44',5,288.50,61,1,71,2,0),(938,'2022-01-12 21:09:11',4,163.00,NULL,3,166,0,0),(939,'2021-10-19 11:21:08',4,154.50,107,1,121,10,0),(940,'2023-07-10 14:22:39',5,213.00,NULL,3,174,0,0),(941,'2023-09-28 16:19:31',1,32.00,NULL,2,100,0,0),(942,'2022-01-15 12:36:26',1,57.50,NULL,2,66,0,0),(943,'2023-04-04 17:45:58',3,129.00,NULL,3,17,0,0),(944,'2023-12-01 13:56:38',3,92.50,102,1,30,6,0),(945,'2021-04-19 10:16:39',2,80.00,NULL,1,222,4,0),(946,'2022-05-11 13:57:30',1,32.00,NULL,3,58,0,0),(947,'2023-10-03 13:39:05',2,125.00,NULL,1,207,8,0),(948,'2021-08-29 10:57:06',4,164.50,NULL,3,197,0,0),(949,'2023-03-04 18:02:23',5,230.50,NULL,2,100,0,0),(950,'2021-01-18 10:23:06',4,164.00,NULL,2,127,0,0),(951,'2021-12-23 21:03:30',1,21.00,82,1,139,3,0),(952,'2022-04-04 12:51:10',3,102.50,117,1,131,3,0),(953,'2021-03-02 12:12:23',5,177.00,NULL,3,13,0,0),(954,'2022-05-31 16:29:42',3,74.00,NULL,2,19,0,0),(955,'2022-10-10 19:35:27',1,46.50,NULL,2,132,0,0),(956,'2021-05-29 15:14:07',5,261.50,NULL,1,2,9,0),(957,'2022-07-20 08:32:04',3,137.50,NULL,3,94,0,0),(958,'2022-05-20 12:49:34',5,215.50,NULL,3,119,0,0),(959,'2021-05-15 16:03:24',3,148.00,NULL,2,113,0,0),(960,'2023-03-04 09:01:27',5,161.00,NULL,2,191,0,0),(961,'2023-03-06 12:49:17',4,227.00,NULL,3,1,0,0),(962,'2021-08-21 11:01:28',4,156.00,NULL,3,178,0,0),(963,'2021-06-15 13:51:08',1,22.00,56,1,77,3,0),(964,'2022-03-14 21:44:14',4,169.50,NULL,3,175,0,0),(965,'2022-05-05 09:58:23',3,99.50,NULL,3,181,0,0),(966,'2023-04-01 16:37:39',5,219.50,NULL,2,162,0,0),(967,'2021-09-05 12:21:51',4,94.00,NULL,2,55,0,0),(968,'2023-02-05 13:03:17',4,179.50,NULL,3,190,0,0),(969,'2021-05-03 09:38:07',1,49.50,NULL,2,84,0,0),(970,'2022-06-14 13:17:43',1,46.50,NULL,3,30,0,0),(971,'2021-06-19 14:44:56',1,32.00,NULL,1,227,1,0),(972,'2022-09-15 17:22:39',4,166.00,NULL,2,222,0,0),(974,'2022-12-29 14:45:35',3,194.50,NULL,2,151,0,0),(975,'2023-01-20 09:23:47',5,173.00,NULL,2,153,0,0),(976,'2023-08-11 09:22:28',2,49.00,NULL,2,200,0,0),(977,'2022-08-13 08:56:22',2,99.50,NULL,2,49,0,0),(978,'2021-06-28 10:32:43',3,181.00,NULL,1,1,6,0),(979,'2022-07-27 09:57:57',2,119.50,NULL,3,83,0,0),(980,'2023-04-22 20:57:46',4,149.00,NULL,3,96,0,0),(981,'2022-06-23 16:23:42',2,89.50,NULL,3,80,0,0),(982,'2021-11-08 18:26:47',1,21.00,NULL,1,212,4,0),(983,'2022-12-16 19:22:24',5,281.00,NULL,2,19,0,0),(984,'2023-04-04 20:59:45',4,162.00,NULL,3,25,0,0),(985,'2022-05-30 12:30:49',1,46.50,NULL,3,146,0,0),(986,'2021-04-17 10:13:56',3,100.50,NULL,3,157,0,0),(987,'2023-04-25 20:55:35',5,223.50,NULL,2,146,0,0),(988,'2021-06-17 18:25:35',3,141.50,NULL,3,81,0,0),(989,'2023-09-19 09:50:46',3,134.00,NULL,3,209,0,0),(990,'2022-09-06 08:18:57',2,78.50,NULL,3,71,0,0),(991,'2023-01-22 10:58:36',5,167.00,NULL,2,105,0,0),(992,'2021-07-06 17:20:42',3,82.00,236,1,39,6,0),(993,'2022-05-06 09:54:46',4,162.50,NULL,2,97,0,0),(994,'2022-06-14 08:31:01',5,210.50,NULL,2,165,0,0),(995,'2021-12-26 15:17:07',3,166.50,NULL,2,138,0,0),(996,'2021-10-10 20:10:10',2,78.50,NULL,3,216,0,0),(997,'2022-05-15 20:15:28',1,56.00,NULL,3,158,0,0),(998,'2022-10-15 14:49:21',3,166.00,NULL,3,119,0,0),(999,'2023-05-26 12:08:37',4,189.50,NULL,2,140,0,0),(1000,'2023-02-08 16:00:33',1,57.50,129,1,144,3,0),(1001,'2021-03-11 16:01:59',3,96.50,NULL,1,167,8,0),(1002,'2023-02-24 20:13:42',3,137.50,NULL,3,69,0,0),(1003,'2022-04-18 17:15:00',2,112.00,NULL,2,123,0,0),(1004,'2021-06-21 13:53:19',2,96.00,NULL,3,40,0,0),(1005,'2021-12-29 17:40:51',3,147.50,NULL,3,147,0,0),(1006,'2023-05-13 10:00:57',3,116.50,NULL,3,58,0,0),(1007,'2021-01-23 13:21:00',5,191.50,NULL,2,184,0,0),(1008,'2023-11-10 16:05:57',5,188.00,NULL,3,129,0,0),(1009,'2021-02-22 17:31:17',1,24.00,NULL,3,128,0,0),(1010,'2023-06-23 15:01:39',3,116.00,110,1,160,9,0),(1011,'2021-12-12 18:15:26',3,132.00,197,1,111,3,0),(1012,'2021-11-22 13:45:04',2,95.50,NULL,2,81,0,0),(1013,'2023-05-23 17:01:43',1,32.00,NULL,2,130,0,0),(1014,'2022-07-26 19:06:49',3,86.00,NULL,3,71,0,0),(1015,'2022-04-15 19:41:40',3,141.50,49,1,69,9,0),(1016,'2023-05-22 13:25:34',5,203.00,NULL,2,101,0,0),(1017,'2023-08-14 08:30:25',3,105.50,NULL,3,29,0,0),(1018,'2021-04-15 18:11:35',3,130.50,198,1,200,9,0),(1019,'2021-11-13 10:42:21',1,32.00,NULL,3,11,0,0),(1020,'2023-08-31 19:08:30',4,148.00,NULL,2,16,0,0),(1021,'2023-12-12 10:04:03',4,209.50,NULL,2,142,0,0),(1022,'2023-06-15 10:39:44',4,164.00,NULL,2,165,0,0),(1023,'2021-08-30 18:31:19',4,120.50,NULL,1,107,4,0),(1024,'2021-07-10 16:44:50',5,201.50,NULL,2,99,0,0),(1025,'2021-08-05 08:06:03',4,205.00,NULL,3,139,0,0),(1026,'2021-09-27 08:19:50',5,185.50,NULL,2,38,0,0),(1027,'2022-11-30 11:10:32',1,21.00,NULL,3,15,0,0),(1028,'2021-07-17 19:09:15',1,46.50,NULL,1,21,2,0),(1029,'2023-01-05 19:49:47',2,81.50,211,1,7,7,0),(1030,'2021-05-03 14:56:13',1,57.50,NULL,2,134,0,0),(1031,'2022-07-08 18:45:01',4,120.00,NULL,1,223,4,0),(1032,'2021-09-05 18:53:21',3,141.00,NULL,3,92,0,0),(1033,'2022-03-01 17:37:51',4,167.50,NULL,3,183,0,0),(1034,'2023-06-01 15:32:12',1,49.50,NULL,1,44,1,0),(1035,'2023-09-01 20:29:29',4,101.00,NULL,3,198,0,0),(1036,'2022-05-22 12:19:03',2,115.00,NULL,1,83,1,0),(1037,'2023-06-11 16:11:26',5,241.50,NULL,3,225,0,0),(1038,'2021-09-08 13:46:05',4,178.50,NULL,3,220,0,0),(1039,'2021-10-10 13:25:15',2,56.00,NULL,1,4,5,0),(1040,'2021-06-07 10:06:34',5,180.00,NULL,3,41,0,0),(1041,'2023-10-15 16:51:55',3,137.50,NULL,2,204,0,0),(1042,'2021-02-21 14:06:00',5,220.00,NULL,2,6,0,0),(1043,'2022-01-15 18:58:45',4,179.00,127,1,21,6,0),(1044,'2023-02-15 18:50:58',1,56.00,NULL,1,135,5,0),(1045,'2021-07-10 12:25:11',5,237.00,NULL,3,7,0,0),(1046,'2023-08-01 18:28:09',5,223.50,NULL,3,154,0,0),(1047,'2021-12-22 14:07:02',4,142.00,NULL,3,58,0,0),(1048,'2022-06-18 16:13:49',1,67.50,NULL,2,186,0,0),(1049,'2022-12-27 14:11:41',3,136.00,NULL,2,61,0,0),(1050,'2022-02-20 14:54:58',5,259.50,NULL,2,41,0,0),(1051,'2021-12-13 21:56:56',1,46.50,NULL,2,172,0,0),(1052,'2022-09-24 18:29:23',3,107.50,108,1,196,5,0),(1053,'2023-05-27 14:41:37',1,63.50,53,1,101,1,0),(1054,'2023-04-08 15:01:56',2,95.50,NULL,2,23,0,0),(1055,'2021-02-12 11:17:14',5,146.50,NULL,3,40,0,0),(1056,'2022-08-10 08:04:39',4,181.00,NULL,3,41,0,0),(1057,'2023-07-28 08:19:21',3,153.50,NULL,2,208,0,0),(1058,'2023-11-15 20:12:09',3,124.00,NULL,1,98,4,0),(1059,'2023-11-11 21:23:30',4,184.00,NULL,3,209,0,0),(1060,'2021-02-17 18:02:50',2,78.00,NULL,3,71,0,0),(1061,'2021-12-25 11:05:44',3,148.00,NULL,3,182,0,0),(1062,'2023-01-15 16:37:55',3,121.00,NULL,3,49,0,0),(1063,'2021-09-30 09:19:05',5,202.00,NULL,2,3,0,0),(1064,'2021-03-20 15:17:40',2,104.00,NULL,2,30,0,0),(1065,'2022-05-02 14:11:33',5,171.00,NULL,2,62,0,0),(1066,'2023-09-14 17:53:03',3,135.00,NULL,2,37,0,0),(1067,'2021-11-30 12:56:11',2,78.50,NULL,3,136,0,0),(1068,'2023-12-15 10:40:42',5,276.00,NULL,3,155,0,0),(1069,'2023-02-19 09:27:50',4,187.00,NULL,3,217,0,0),(1070,'2022-06-24 11:18:36',1,56.00,NULL,2,198,0,0),(1071,'2023-01-20 10:52:09',1,28.00,NULL,1,6,9,0),(1073,'2023-10-20 15:39:26',3,125.00,NULL,3,170,0,0),(1074,'2023-11-29 15:35:59',1,24.00,NULL,2,29,0,0),(1075,'2021-01-13 19:11:23',1,46.50,NULL,1,104,7,0),(1076,'2023-09-11 19:03:41',4,119.50,185,1,62,3,0),(1077,'2023-06-09 14:10:05',3,142.50,NULL,2,20,0,0),(1078,'2023-06-13 10:17:28',3,138.00,NULL,3,45,0,0),(1079,'2023-07-27 18:14:47',1,63.50,NULL,1,221,7,0),(1080,'2021-03-20 13:01:44',1,46.50,NULL,3,157,0,0),(1081,'2023-10-08 08:05:16',2,78.50,NULL,2,49,0,0),(1082,'2023-03-04 12:30:32',5,251.50,175,1,136,10,0),(1083,'2021-04-14 10:01:30',4,190.00,NULL,2,146,0,0),(1084,'2023-01-30 16:08:52',2,91.50,NULL,2,94,0,0),(1085,'2021-02-07 12:10:45',1,67.50,NULL,1,160,6,0),(1086,'2022-03-10 19:54:17',1,57.50,NULL,3,163,0,0),(1087,'2022-02-03 14:13:22',3,156.00,NULL,1,12,6,0),(1088,'2022-08-21 14:34:44',2,102.50,NULL,2,97,0,0),(1089,'2023-12-06 14:30:33',3,126.50,NULL,2,14,0,0),(1090,'2021-03-29 11:24:34',2,85.50,NULL,1,93,1,0),(1091,'2022-09-07 19:05:23',4,159.00,NULL,2,48,0,0),(1092,'2023-02-07 16:20:11',4,182.50,NULL,2,95,0,0),(1093,'2023-12-24 10:07:21',4,126.00,NULL,3,32,0,0),(1094,'2023-09-17 16:04:02',4,159.50,40,1,202,7,0),(1095,'2021-02-28 13:17:59',4,210.50,NULL,2,109,0,0),(1096,'2021-04-10 20:21:11',4,234.50,NULL,1,94,3,0),(1097,'2023-10-12 08:58:56',5,198.00,NULL,2,145,0,0),(1098,'2022-05-09 09:25:34',2,119.50,NULL,3,99,0,0),(1099,'2023-02-17 10:10:43',2,102.50,NULL,1,113,3,0),(1100,'2022-06-29 09:05:42',3,134.00,NULL,3,168,0,0),(1101,'2023-05-25 17:08:10',5,238.50,NULL,3,42,0,0),(1102,'2022-11-17 17:50:59',3,113.50,79,1,141,9,0),(1103,'2022-10-22 11:14:41',4,149.00,NULL,2,230,0,0),(1104,'2021-04-10 18:01:59',3,145.00,NULL,3,35,0,0),(1105,'2021-11-27 12:17:28',4,182.50,NULL,1,120,10,0),(1106,'2022-04-06 08:13:51',2,54.00,NULL,3,65,0,0),(1107,'2023-08-30 15:50:29',4,234.50,NULL,3,63,0,0),(1108,'2023-02-13 16:14:53',2,131.00,NULL,2,161,0,0),(1109,'2022-10-02 18:59:15',3,112.50,173,1,41,2,0),(1110,'2023-09-24 18:17:51',3,150.50,169,1,14,2,0),(1111,'2022-09-09 10:46:56',3,134.00,NULL,1,94,7,0),(1112,'2021-05-01 12:40:40',4,170.50,NULL,1,10,5,0),(1113,'2021-12-02 12:06:13',2,73.50,NULL,1,128,6,0),(1114,'2021-01-02 11:32:12',3,108.50,NULL,2,29,0,0),(1115,'2022-10-27 18:38:47',5,212.00,NULL,1,183,7,0),(1116,'2023-08-27 14:01:40',1,67.50,NULL,3,4,0,0),(1117,'2022-11-30 17:29:06',1,49.50,NULL,3,87,0,0),(1118,'2023-02-02 14:31:30',5,259.00,164,1,197,5,0),(1119,'2021-09-22 08:16:25',4,110.00,182,1,58,9,0),(1120,'2023-09-09 15:10:40',3,97.50,NULL,3,90,0,0),(1121,'2022-10-25 19:03:53',4,121.50,NULL,3,24,0,0),(1122,'2021-02-12 10:06:00',3,121.50,NULL,2,22,0,0),(1123,'2023-12-19 17:44:20',3,103.50,179,1,53,10,0),(1124,'2022-08-18 20:11:12',3,126.50,NULL,3,122,0,0),(1125,'2023-02-11 16:05:20',4,202.50,NULL,3,9,0,0),(1126,'2022-03-22 19:27:52',2,110.00,NULL,2,207,0,0),(1127,'2021-04-12 15:53:50',2,104.00,NULL,2,106,0,0),(1128,'2021-06-22 18:12:48',3,119.50,80,1,155,2,0),(1129,'2021-08-09 13:38:42',4,173.50,NULL,2,181,0,0),(1130,'2023-04-04 13:18:24',3,160.00,NULL,2,227,0,0),(1131,'2021-10-21 19:11:56',1,21.00,NULL,3,75,0,0),(1132,'2022-02-28 10:02:42',4,171.00,NULL,2,143,0,0),(1133,'2021-05-23 13:04:01',4,188.50,203,1,204,5,0),(1134,'2022-02-09 13:40:15',4,163.00,NULL,3,204,0,0),(1135,'2021-12-21 15:03:12',4,162.00,NULL,1,198,8,0),(1136,'2023-03-12 18:02:14',5,209.50,NULL,2,93,0,0),(1137,'2021-01-12 13:13:34',5,236.00,231,1,99,1,0),(1138,'2021-11-30 09:28:18',1,56.00,NULL,2,67,0,0),(1139,'2021-09-03 19:04:19',1,57.50,NULL,2,103,0,0),(1140,'2021-05-29 13:39:00',2,110.00,NULL,1,4,3,0),(1141,'2022-11-26 12:38:08',3,139.00,NULL,2,44,0,0),(1142,'2021-08-07 10:01:30',3,117.00,NULL,2,102,0,0),(1143,'2022-11-24 16:10:26',1,28.00,NULL,3,51,0,0),(1144,'2022-08-19 20:15:36',3,145.00,NULL,2,80,0,0),(1145,'2023-05-21 11:25:25',3,119.50,NULL,2,135,0,0),(1146,'2022-10-01 11:09:57',1,21.00,NULL,3,90,0,0),(1147,'2023-03-29 09:41:32',4,188.50,NULL,2,3,0,0),(1148,'2022-03-05 11:03:33',1,24.00,212,1,35,1,0),(1149,'2023-02-27 21:22:48',1,32.00,193,1,151,4,0),(1150,'2022-12-04 18:41:50',5,273.50,NULL,2,186,0,0),(1151,'2022-01-31 17:02:18',3,133.00,189,1,132,10,0),(1152,'2023-03-31 10:37:39',2,44.00,NULL,3,138,0,0),(1153,'2022-01-20 15:39:17',4,148.00,NULL,2,68,0,0),(1154,'2023-05-07 09:25:18',1,32.00,NULL,3,8,0,0),(1155,'2023-08-03 17:58:59',3,132.00,NULL,3,89,0,0),(1156,'2021-12-20 16:15:06',1,67.50,NULL,2,168,0,0),(1157,'2021-09-30 11:20:06',5,182.00,NULL,3,210,0,0),(1158,'2023-01-05 11:15:41',2,99.00,176,1,3,3,0),(1159,'2021-10-31 18:39:36',5,234.50,NULL,2,202,0,0),(1160,'2022-11-29 10:11:08',3,187.00,NULL,2,169,0,0),(1161,'2022-08-24 16:33:30',3,92.50,NULL,1,229,2,0),(1162,'2022-07-11 09:46:19',4,101.00,NULL,1,186,9,0),(1163,'2023-03-10 09:05:33',1,21.00,NULL,2,66,0,0),(1164,'2023-09-08 18:02:51',1,32.00,NULL,2,49,0,0),(1165,'2023-12-08 12:38:53',3,132.00,NULL,2,160,0,0),(1166,'2022-08-25 18:38:28',2,96.00,NULL,2,47,0,0),(1167,'2021-12-13 13:00:14',5,202.50,NULL,1,38,9,0),(1168,'2023-07-24 12:42:39',1,49.50,NULL,1,215,2,0),(1169,'2021-07-19 15:37:10',5,188.50,NULL,3,1,0,0),(1170,'2023-12-19 20:51:14',3,94.50,NULL,3,71,0,0),(1171,'2021-02-23 14:00:33',5,161.50,NULL,2,71,0,0),(1172,'2023-04-14 19:46:43',5,159.50,NULL,2,115,0,0),(1173,'2021-07-18 12:23:44',4,198.00,NULL,1,3,5,0),(1174,'2021-04-18 12:40:00',5,183.00,130,1,23,1,0),(1175,'2021-09-30 19:42:03',2,74.50,NULL,3,55,0,0),(1176,'2022-03-21 21:05:29',2,49.00,46,1,51,5,0),(1177,'2022-08-26 09:43:44',5,243.00,NULL,3,85,0,0),(1179,'2022-12-25 09:02:31',4,149.00,NULL,2,228,0,0),(1180,'2021-05-06 18:29:35',5,146.50,75,1,99,5,0),(1181,'2021-05-22 15:43:12',3,123.50,NULL,2,26,0,0),(1182,'2023-05-01 18:01:47',3,141.00,115,1,48,1,0),(1183,'2022-06-27 17:24:18',3,156.50,NULL,3,42,0,0),(1184,'2021-10-07 20:18:52',5,184.50,NULL,2,194,0,0),(1186,'2021-05-31 18:07:48',5,278.50,NULL,3,194,0,0),(1187,'2023-05-24 17:47:29',4,170.00,NULL,3,8,0,0),(1188,'2022-11-02 11:26:43',5,251.50,NULL,3,141,0,0),(1189,'2023-03-19 10:30:13',4,184.00,NULL,2,96,0,0),(1190,'2021-11-19 15:52:27',4,175.50,NULL,1,189,8,0),(1191,'2022-02-20 11:25:36',4,196.50,NULL,2,73,0,0),(1192,'2022-11-15 11:17:23',2,125.00,NULL,1,36,2,0),(1193,'2021-04-28 17:34:17',3,70.00,NULL,3,166,0,0),(1194,'2023-09-24 10:35:50',4,130.00,NULL,2,216,0,0),(1195,'2021-03-27 13:29:10',2,56.00,NULL,2,147,0,0),(1196,'2023-11-24 19:55:51',5,144.50,NULL,1,62,5,0),(1197,'2022-04-20 11:07:06',5,227.50,NULL,2,77,0,0),(1198,'2021-04-30 14:25:12',3,171.50,NULL,3,77,0,0),(1199,'2021-01-15 19:59:31',4,242.00,NULL,3,140,0,0),(1200,'2023-12-21 16:06:34',1,32.00,131,1,57,8,0),(1201,'2023-10-04 16:25:35',1,22.00,NULL,3,210,0,0),(1202,'2021-04-18 14:47:07',4,190.00,NULL,2,109,0,0),(1203,'2022-01-07 14:43:58',1,28.00,NULL,1,164,2,0),(1204,'2022-10-01 19:41:39',2,45.00,NULL,3,227,0,0),(1205,'2022-04-23 09:02:34',3,135.00,NULL,2,90,0,0),(1206,'2022-10-17 14:26:40',5,213.00,NULL,3,135,0,0),(1207,'2022-02-02 14:57:02',2,49.00,NULL,3,125,0,0),(1208,'2022-04-21 18:49:39',3,140.50,NULL,3,15,0,0),(1209,'2021-01-03 11:54:33',5,241.50,NULL,1,224,9,0),(1210,'2022-09-13 16:59:23',2,78.50,NULL,1,96,5,0),(1211,'2022-04-23 17:05:20',4,165.00,NULL,2,114,0,0),(1212,'2023-12-07 13:28:26',4,198.50,NULL,2,83,0,0),(1213,'2023-02-05 18:26:23',2,70.50,NULL,3,60,0,0),(1214,'2023-12-18 15:15:08',2,113.00,NULL,2,215,0,0),(1215,'2022-12-16 20:44:56',3,112.50,81,1,199,5,0),(1216,'2023-01-27 20:09:52',3,92.50,NULL,2,180,0,0),(1217,'2023-03-26 16:22:40',2,53.00,NULL,3,168,0,0),(1218,'2023-09-07 20:02:49',2,77.00,NULL,2,65,0,0),(1219,'2023-06-20 15:15:25',2,60.00,NULL,2,190,0,0),(1220,'2022-08-27 18:41:26',5,215.00,NULL,1,8,10,0),(1221,'2022-02-08 14:22:25',3,91.50,NULL,2,33,0,0),(1222,'2022-11-14 09:08:31',5,222.00,NULL,3,176,0,0),(1223,'2021-08-15 15:29:19',2,45.00,NULL,2,59,0,0),(1224,'2022-10-20 12:03:58',2,91.50,NULL,3,4,0,0),(1225,'2023-12-28 21:10:36',3,166.00,NULL,3,55,0,0),(1226,'2022-02-20 20:45:44',4,127.50,183,1,41,7,0),(1227,'2022-04-13 20:04:43',2,105.50,NULL,2,211,0,0),(1228,'2023-06-07 08:23:19',3,106.50,NULL,1,217,6,0),(1229,'2022-05-27 17:20:04',4,164.50,NULL,1,22,6,0),(1230,'2022-04-21 18:22:55',3,106.50,NULL,3,74,0,0),(1231,'2023-07-01 13:44:55',3,149.00,192,1,111,5,0),(1232,'2022-07-27 20:47:29',3,134.00,NULL,3,130,0,0),(1233,'2021-06-02 14:31:47',1,22.00,109,1,11,1,0),(1234,'2023-05-30 17:55:47',5,170.00,NULL,3,200,0,0),(1235,'2022-09-23 12:26:17',1,63.50,NULL,2,131,0,0),(1236,'2022-08-08 11:16:02',2,102.50,NULL,1,193,1,0),(1237,'2021-07-18 10:05:01',4,166.50,66,1,65,4,0),(1238,'2022-01-18 17:51:56',1,21.00,NULL,2,140,0,0),(1239,'2021-06-20 19:07:21',1,57.50,NULL,1,179,3,0),(1240,'2021-11-02 20:16:25',2,70.50,NULL,3,5,0,0),(1241,'2022-03-06 18:19:44',3,132.00,205,1,182,3,0),(1242,'2021-07-13 08:32:01',5,234.50,NULL,1,190,5,0),(1243,'2023-05-28 18:10:43',5,211.50,NULL,3,54,0,0),(1244,'2021-02-05 20:37:10',3,97.50,128,1,37,4,0),(1245,'2021-01-26 09:56:41',4,181.00,NULL,3,120,0,0),(1246,'2022-10-18 20:02:19',1,32.00,139,1,119,9,0),(1247,'2021-11-09 12:11:48',1,57.50,NULL,3,120,0,0),(1249,'2022-03-15 16:56:16',4,158.00,NULL,1,70,6,0),(1250,'2023-10-01 18:17:59',4,170.00,NULL,3,4,0,0),(1251,'2022-05-03 08:03:49',4,216.50,NULL,2,53,0,0),(1252,'2021-11-19 19:02:20',1,56.00,NULL,3,123,0,0),(1253,'2023-03-04 14:54:49',2,78.00,NULL,2,183,0,0),(1254,'2022-12-30 15:28:02',3,102.50,62,1,41,3,0),(1255,'2021-07-01 20:49:11',4,169.00,NULL,3,218,0,0),(1256,'2022-07-16 09:06:59',3,126.00,NULL,3,79,0,0),(1257,'2023-11-06 19:40:15',2,96.00,NULL,3,20,0,0),(1258,'2022-02-10 16:46:24',5,196.00,NULL,3,64,0,0),(1259,'2022-09-12 13:34:35',5,143.50,NULL,2,157,0,0),(1260,'2022-10-03 08:58:36',2,113.50,187,1,196,2,0),(1261,'2022-08-05 17:02:12',2,85.50,153,1,21,3,0),(1262,'2021-11-07 20:32:14',2,87.50,NULL,1,82,6,0),(1263,'2023-10-26 14:22:26',2,104.00,NULL,2,105,0,0),(1264,'2023-07-21 10:49:42',1,67.50,NULL,1,208,6,0),(1265,'2023-11-05 17:39:03',3,167.00,NULL,3,204,0,0),(1266,'2023-03-10 09:53:33',2,123.50,NULL,1,197,7,0),(1267,'2023-08-29 18:33:03',5,208.00,NULL,1,133,5,0),(1268,'2023-09-06 14:10:24',2,56.00,NULL,3,154,0,0),(1269,'2021-10-19 12:55:41',4,210.00,NULL,1,208,4,0),(1270,'2021-04-05 17:12:52',4,126.50,NULL,1,77,4,0),(1271,'2022-10-27 12:19:01',2,74.50,NULL,2,10,0,0),(1272,'2021-02-05 11:48:32',2,85.50,NULL,1,6,4,0),(1273,'2022-05-22 18:46:07',4,187.00,168,1,92,8,0),(1274,'2022-02-14 19:08:28',5,230.00,NULL,3,122,0,0),(1275,'2022-12-23 13:43:39',3,159.50,NULL,2,83,0,0),(1276,'2023-09-23 13:13:54',1,57.50,NULL,3,85,0,0),(1277,'2023-10-29 10:18:13',2,79.50,NULL,3,201,0,0),(1278,'2022-08-15 09:52:13',1,67.50,NULL,1,7,2,0),(1279,'2022-10-22 13:22:27',3,130.50,NULL,1,28,8,0),(1280,'2021-03-09 17:03:58',4,187.50,186,1,173,6,0),(1281,'2021-08-01 15:20:10',4,181.00,NULL,1,104,10,0),(1282,'2021-09-06 12:11:36',2,81.50,NULL,1,197,9,0),(1283,'2023-11-06 10:02:13',1,63.50,NULL,3,140,0,0),(1284,'2023-07-09 18:53:53',3,153.50,NULL,2,200,0,0),(1285,'2021-06-04 20:43:33',1,22.00,NULL,1,227,8,0),(1286,'2023-08-02 13:01:20',4,163.00,NULL,2,191,0,0),(1287,'2023-12-22 13:16:20',1,67.50,NULL,2,10,0,0),(1288,'2023-04-22 13:57:47',4,191.50,NULL,3,58,0,0),(1289,'2022-08-03 08:14:12',3,132.00,NULL,3,174,0,0),(1290,'2023-11-08 20:32:06',4,164.50,NULL,2,97,0,0),(1291,'2022-01-22 14:53:58',2,80.00,114,1,225,10,0),(1292,'2021-02-26 11:22:00',2,95.50,NULL,3,155,0,0),(1293,'2023-02-21 18:19:37',4,182.50,NULL,1,214,3,0),(1294,'2021-03-01 14:59:08',1,46.50,NULL,2,15,0,0),(1295,'2022-07-21 08:30:24',2,70.50,NULL,2,66,0,0),(1296,'2023-05-16 14:36:10',2,85.50,101,1,52,7,0),(1297,'2022-06-15 10:40:03',5,258.50,NULL,2,99,0,0),(1298,'2021-09-18 17:38:57',5,226.50,NULL,2,96,0,0),(1299,'2022-07-20 09:18:08',3,135.00,NULL,3,26,0,0),(1300,'2021-12-09 16:08:58',5,209.00,NULL,1,16,3,0),(1301,'2023-08-25 08:35:42',4,161.00,NULL,3,73,0,0),(1302,'2021-12-06 09:18:20',1,56.00,NULL,3,137,0,0),(1303,'2022-11-20 14:11:09',3,68.00,NULL,3,76,0,0),(1304,'2023-10-26 12:10:17',3,119.50,NULL,2,23,0,0),(1305,'2023-04-17 12:41:06',4,148.00,NULL,3,101,0,0),(1306,'2021-03-07 09:52:42',5,186.00,NULL,2,192,0,0),(1307,'2021-11-04 11:56:05',4,205.50,NULL,3,177,0,0),(1308,'2021-12-01 11:56:51',5,184.00,NULL,1,205,6,0),(1309,'2022-06-09 19:31:54',5,173.00,227,1,121,1,0),(1310,'2023-12-09 09:55:55',5,233.50,NULL,3,113,0,0),(1311,'2022-08-04 08:03:20',1,46.50,NULL,3,145,0,0),(1312,'2021-12-22 10:35:10',4,140.50,NULL,3,96,0,0),(1313,'2021-12-30 11:08:32',2,52.00,NULL,2,157,0,0),(1314,'2023-08-02 17:55:02',2,85.50,NULL,2,183,0,0),(1315,'2021-09-05 19:56:43',2,50.00,NULL,1,169,1,0),(1316,'2021-04-19 18:39:59',3,142.00,NULL,3,77,0,0),(1317,'2021-02-22 11:35:06',3,145.50,NULL,1,138,9,0),(1318,'2023-03-17 10:52:38',2,110.00,NULL,3,144,0,0),(1319,'2022-11-26 18:18:53',5,229.00,NULL,1,92,7,0),(1320,'2022-10-13 20:09:12',3,120.00,NULL,2,123,0,0),(1321,'2022-09-30 08:07:23',4,195.00,NULL,3,131,0,0),(1322,'2022-06-27 12:44:10',1,21.00,NULL,2,102,0,0),(1323,'2023-07-12 20:19:24',5,178.00,NULL,3,84,0,0),(1324,'2022-08-11 12:16:54',3,94.50,NULL,1,31,7,0),(1325,'2022-07-08 19:19:15',5,196.50,199,1,68,6,0),(1326,'2021-10-16 20:34:22',4,189.50,NULL,3,66,0,0),(1327,'2022-10-27 10:03:07',5,240.00,NULL,1,53,4,0),(1328,'2023-12-04 12:13:47',1,46.50,NULL,2,86,0,0),(1329,'2023-01-11 12:21:16',3,134.50,NULL,2,95,0,0),(1330,'2021-04-06 08:49:21',5,244.50,158,1,69,10,0),(1331,'2023-02-25 15:25:09',2,93.00,NULL,2,87,0,0),(1332,'2022-12-07 16:29:24',1,24.00,NULL,2,47,0,0),(1333,'2023-09-23 13:52:23',1,67.50,NULL,3,92,0,0),(1334,'2023-12-24 16:51:16',5,192.00,NULL,3,100,0,0),(1335,'2022-01-30 12:47:26',2,95.50,NULL,3,96,0,0),(1336,'2023-03-11 14:42:16',3,177.50,93,1,185,6,0),(1337,'2023-06-22 08:02:44',2,68.50,NULL,2,23,0,0),(1338,'2022-07-20 11:26:26',1,21.00,NULL,2,12,0,0),(1339,'2022-12-29 21:36:30',3,77.00,NULL,3,155,0,0),(1340,'2023-09-23 14:47:21',4,153.00,NULL,2,128,0,0),(1341,'2023-07-09 10:19:21',4,164.00,NULL,2,20,0,0),(1342,'2021-11-11 13:38:06',5,206.00,NULL,2,23,0,0),(1343,'2022-10-15 09:16:40',4,159.00,NULL,3,161,0,0),(1344,'2021-03-08 13:43:19',4,175.00,NULL,3,53,0,0),(1345,'2022-07-02 19:36:56',3,163.50,NULL,3,135,0,0),(1346,'2023-03-21 17:59:48',4,185.50,NULL,2,227,0,0),(1347,'2023-01-04 12:09:50',3,149.00,NULL,3,28,0,0),(1348,'2021-11-10 16:59:30',4,194.00,91,1,142,8,0),(1349,'2022-02-19 18:46:19',3,115.00,NULL,2,140,0,0),(1350,'2021-07-31 17:42:57',2,125.00,122,1,65,2,0),(1351,'2023-10-13 14:19:42',4,128.50,NULL,3,76,0,0),(1352,'2021-02-18 16:11:14',2,84.50,NULL,3,215,0,0),(1353,'2021-01-05 10:02:43',4,133.50,NULL,2,21,0,0),(1354,'2021-03-25 15:35:54',5,208.50,NULL,3,165,0,0),(1355,'2022-12-31 21:40:02',3,149.00,NULL,3,112,0,0),(1356,'2023-11-15 19:05:52',5,227.00,NULL,3,174,0,0),(1357,'2022-08-08 08:32:21',2,70.50,152,1,154,5,0),(1358,'2021-08-20 17:33:47',1,67.50,NULL,2,15,0,0),(1359,'2023-02-05 09:39:25',4,195.50,NULL,2,147,0,0),(1360,'2022-06-23 20:58:43',1,46.50,NULL,3,203,0,0),(1361,'2021-10-26 11:22:53',1,46.50,NULL,2,138,0,0),(1362,'2023-11-26 12:38:53',2,68.50,NULL,2,195,0,0),(1363,'2023-12-27 11:41:38',2,78.50,NULL,3,148,0,0),(1364,'2023-11-08 09:48:45',4,173.50,NULL,2,77,0,0),(1365,'2023-03-09 11:25:11',5,215.50,NULL,3,34,0,0),(1366,'2022-04-19 19:06:12',5,233.50,NULL,1,8,3,0),(1367,'2022-08-20 16:08:14',1,46.50,NULL,2,211,0,0),(1368,'2021-12-10 13:51:03',3,135.00,NULL,2,86,0,0),(1369,'2021-10-21 10:32:38',3,142.00,120,1,68,5,0),(1370,'2021-12-09 15:36:13',2,110.00,NULL,2,171,0,0),(1371,'2021-12-27 15:12:39',2,135.00,NULL,3,143,0,0),(1372,'2022-01-04 18:00:14',4,183.50,NULL,3,113,0,0),(1373,'2021-07-16 10:02:18',4,177.50,NULL,1,141,10,0),(1374,'2022-03-23 10:08:11',5,231.00,NULL,2,107,0,0),(1375,'2021-06-13 13:02:38',4,156.00,NULL,2,195,0,0),(1376,'2022-06-20 14:57:10',2,87.50,NULL,1,12,8,0),(1377,'2023-09-25 15:13:08',5,160.50,NULL,3,34,0,0),(1378,'2021-05-31 10:36:30',2,45.00,NULL,3,45,0,0),(1379,'2022-08-04 15:54:50',3,109.50,NULL,1,8,6,0),(1380,'2023-08-29 20:25:24',5,199.00,NULL,1,96,9,0),(1381,'2021-11-04 15:33:47',2,113.00,NULL,3,8,0,0),(1382,'2022-02-25 10:53:18',5,236.50,NULL,3,31,0,0),(1383,'2022-05-09 12:03:50',3,71.00,165,1,87,9,0),(1384,'2021-08-25 12:40:05',1,46.50,224,1,192,1,0),(1385,'2021-09-10 13:13:48',2,114.00,NULL,2,78,0,0),(1388,'2021-06-22 16:59:21',2,85.50,NULL,2,146,0,0),(1389,'2021-05-19 19:14:06',5,219.00,NULL,1,95,7,0),(1390,'2022-03-14 10:32:22',3,141.00,NULL,3,171,0,0),(1391,'2022-07-30 09:30:20',1,67.50,NULL,2,115,0,0),(1392,'2023-08-02 20:11:20',4,136.50,NULL,1,177,7,0),(1393,'2022-07-03 17:41:34',1,46.50,NULL,3,174,0,0),(1394,'2021-08-08 16:30:10',5,146.50,NULL,1,48,1,0),(1395,'2021-09-22 16:58:58',4,200.00,NULL,3,25,0,0),(1396,'2021-10-08 10:26:07',4,210.00,74,1,102,2,0),(1397,'2023-08-14 15:07:07',2,44.00,NULL,3,121,0,0),(1398,'2022-07-03 14:29:15',1,67.50,NULL,1,200,1,0),(1399,'2023-08-18 17:11:56',1,24.00,NULL,1,162,10,0),(1400,'2022-12-06 10:09:05',4,148.00,NULL,2,137,0,0),(1401,'2021-01-15 20:11:21',5,164.00,NULL,2,118,0,0),(1402,'2023-11-15 10:03:33',5,291.50,NULL,1,194,6,0),(1403,'2021-02-28 15:07:54',2,102.50,213,1,99,6,0),(1404,'2021-07-24 08:16:02',4,187.50,NULL,3,115,0,0),(1405,'2023-01-14 21:02:25',2,70.50,NULL,3,140,0,0),(1406,'2023-10-25 08:28:56',2,74.50,215,1,83,8,0),(1407,'2021-12-07 17:00:26',1,46.50,NULL,2,155,0,0),(1408,'2021-06-27 14:56:53',2,135.00,NULL,2,110,0,0),(1409,'2021-07-28 20:57:07',2,84.50,NULL,1,133,2,0),(1410,'2023-10-18 17:31:31',1,67.50,NULL,3,58,0,0),(1411,'2021-12-08 13:58:12',2,67.50,NULL,3,164,0,0),(1412,'2022-03-25 10:08:48',3,128.00,NULL,1,7,2,0),(1413,'2023-04-24 19:38:39',3,76.00,NULL,2,6,0,0),(1414,'2023-01-07 15:05:04',1,56.00,NULL,1,99,4,0),(1415,'2023-07-24 17:14:14',3,126.50,NULL,1,57,10,0),(1416,'2021-09-23 14:40:47',4,189.00,NULL,1,67,8,0),(1417,'2023-11-08 11:20:32',4,161.00,95,1,153,1,0),(1418,'2022-02-08 15:35:04',3,169.50,NULL,1,119,3,0),(1419,'2023-07-21 16:17:00',2,46.00,100,1,15,7,0),(1420,'2021-05-24 19:12:19',1,21.00,NULL,1,115,8,0),(1421,'2021-11-01 13:09:09',5,277.50,NULL,2,95,0,0),(1422,'2021-09-27 11:04:00',3,142.00,NULL,1,112,9,0),(1423,'2023-10-13 11:53:50',1,32.00,57,1,207,3,0),(1425,'2021-03-12 09:42:02',5,223.00,NULL,2,41,0,0),(1426,'2022-11-20 12:32:53',5,232.50,NULL,2,68,0,0),(1427,'2022-11-08 14:16:03',2,84.50,NULL,1,69,10,0),(1428,'2022-09-11 12:44:04',4,156.00,NULL,2,184,0,0),(1429,'2021-08-26 11:17:35',1,28.00,NULL,3,21,0,0),(1430,'2023-04-29 20:31:57',4,113.50,NULL,1,21,7,0),(1431,'2021-04-12 20:03:24',1,22.00,NULL,1,142,3,0),(1432,'2023-03-27 14:25:22',4,163.50,NULL,3,104,0,0),(1433,'2021-12-18 15:25:18',4,150.50,NULL,2,123,0,0),(1434,'2021-06-22 14:59:32',2,93.00,NULL,1,28,9,0),(1435,'2023-05-30 08:57:52',3,149.00,NULL,1,1,5,0),(1436,'2021-09-13 20:01:11',3,136.00,NULL,1,99,4,0),(1437,'2021-10-23 17:47:39',5,246.00,NULL,1,122,8,0),(1438,'2021-11-17 13:58:26',4,153.00,132,1,40,3,0),(1439,'2022-04-12 16:49:19',4,167.50,NULL,3,224,0,0),(1440,'2023-02-28 09:05:04',3,153.00,NULL,3,170,0,0),(1441,'2023-09-28 13:37:58',1,67.50,NULL,1,53,9,0),(1442,'2021-05-25 18:46:14',2,45.00,NULL,2,49,0,0),(1443,'2022-11-09 16:31:37',3,98.50,138,1,23,9,0),(1444,'2021-05-12 10:18:59',5,183.00,NULL,2,96,0,0),(1445,'2023-10-13 08:22:35',4,192.50,NULL,3,55,0,0),(1446,'2022-02-16 20:34:47',1,32.00,NULL,1,2,10,0),(1447,'2023-05-21 08:29:58',2,52.00,NULL,3,62,0,0),(1448,'2023-12-21 17:51:59',3,67.00,NULL,3,132,0,0),(1449,'2021-09-17 14:49:47',4,206.00,NULL,2,95,0,0),(1450,'2021-05-06 14:35:13',3,160.50,NULL,2,141,0,0),(1451,'2021-03-12 16:33:00',2,78.50,196,1,22,2,0),(1452,'2021-09-08 10:42:24',4,183.50,NULL,3,214,0,0),(1453,'2023-12-29 15:03:17',1,46.50,NULL,3,50,0,0),(1454,'2021-11-21 18:47:41',1,28.00,71,1,149,2,0),(1455,'2023-09-27 18:09:27',3,92.00,243,1,40,2,0),(1456,'2021-01-13 18:38:47',2,78.50,NULL,3,63,0,0),(1457,'2022-03-20 21:09:54',1,56.00,NULL,3,139,0,0),(1458,'2023-03-01 12:03:10',2,78.50,NULL,2,205,0,0),(1459,'2023-07-06 12:32:39',3,171.50,NULL,1,26,7,0),(1460,'2023-09-01 11:41:39',3,76.00,NULL,2,2,0,0),(1461,'2022-05-09 19:44:01',3,128.00,NULL,2,45,0,0),(1462,'2021-10-28 08:39:40',2,114.00,29,1,111,4,0),(1463,'2023-07-08 17:38:23',2,77.50,223,1,152,6,0),(1464,'2022-09-21 19:17:47',3,159.00,NULL,2,5,0,0),(1465,'2023-10-14 11:52:31',2,93.00,NULL,1,165,2,0),(1466,'2021-03-03 09:42:32',4,215.00,NULL,2,98,0,0),(1467,'2021-09-27 09:24:50',4,174.00,NULL,1,192,6,0),(1468,'2023-06-03 19:08:10',5,277.00,NULL,1,27,5,0),(1469,'2022-04-24 11:39:17',4,191.00,NULL,1,205,5,0),(1470,'2023-04-11 13:22:58',4,199.00,NULL,1,206,10,0),(1471,'2022-05-25 16:43:43',2,107.00,NULL,2,205,0,0),(1472,'2023-07-11 16:09:15',1,22.00,NULL,3,200,0,0),(1473,'2021-09-30 11:07:46',3,135.00,NULL,2,5,0,0),(1474,'2022-06-04 17:02:01',4,92.00,NULL,3,168,0,0),(1475,'2022-10-12 10:21:23',4,181.50,NULL,3,74,0,0),(1476,'2021-07-21 12:49:21',2,49.00,NULL,2,15,0,0),(1477,'2021-12-31 17:42:52',1,24.00,84,1,47,1,0),(1478,'2022-08-03 11:52:36',3,92.50,NULL,1,13,3,0),(1479,'2022-01-09 13:41:10',4,176.00,NULL,3,141,0,0),(1480,'2022-04-30 10:40:00',3,117.00,NULL,2,22,0,0),(1481,'2022-05-29 16:17:40',4,245.00,52,1,2,8,0),(1482,'2023-11-27 13:07:30',1,63.50,NULL,1,66,10,0),(1483,'2021-01-01 12:52:16',1,67.50,NULL,3,163,0,0),(1484,'2023-09-04 10:26:19',4,185.50,NULL,1,199,4,0),(1485,'2022-10-13 12:38:52',4,203.00,NULL,2,160,0,0),(1486,'2023-08-27 10:38:50',1,49.50,NULL,2,101,0,0),(1487,'2022-10-14 17:04:31',3,77.00,195,1,155,10,0),(1488,'2023-08-04 14:41:46',4,181.50,NULL,1,182,1,0),(1489,'2023-06-20 13:51:04',5,248.50,NULL,2,117,0,0),(1490,'2023-03-27 13:07:59',4,187.00,NULL,3,79,0,0),(1491,'2022-07-07 14:20:39',3,121.00,NULL,2,142,0,0),(1492,'2021-02-23 20:12:36',1,46.50,NULL,2,202,0,0),(1493,'2021-12-26 12:56:13',2,56.00,NULL,1,17,5,0),(1494,'2023-04-09 11:30:48',3,179.50,NULL,2,161,0,0),(1495,'2022-05-08 12:52:09',3,136.00,92,1,91,10,0),(1496,'2022-01-18 12:58:00',4,232.50,NULL,3,24,0,0),(1497,'2022-10-31 16:45:12',3,117.00,NULL,3,54,0,0),(1498,'2022-02-27 12:43:06',4,120.50,NULL,3,115,0,0),(1499,'2022-01-05 11:25:33',1,22.00,NULL,2,209,0,0),(1500,'2021-04-01 11:21:10',3,92.50,NULL,2,206,0,0),(1501,'2023-03-12 15:47:32',1,22.00,NULL,2,49,0,0),(1502,'2023-06-07 18:59:06',4,176.00,NULL,3,144,0,0),(1503,'2023-05-30 16:50:53',3,102.50,NULL,3,214,0,0),(1504,'2021-12-10 14:28:44',2,70.50,NULL,3,208,0,0),(1505,'2021-08-26 17:31:04',1,56.00,NULL,1,41,8,0),(1506,'2021-08-15 20:51:34',5,207.00,NULL,3,112,0,0),(1507,'2023-06-15 11:10:21',2,131.00,NULL,2,76,0,0),(1508,'2022-04-21 11:29:49',1,63.50,NULL,1,44,4,0),(1509,'2023-07-23 16:55:09',5,146.00,NULL,2,88,0,0),(1510,'2021-03-30 12:15:45',5,231.50,68,1,38,5,0),(1511,'2022-01-10 15:44:05',3,112.50,NULL,3,218,0,0),(1512,'2022-07-06 17:56:01',3,89.50,NULL,2,22,0,0),(1513,'2022-09-22 20:34:39',4,148.50,NULL,3,129,0,0),(1514,'2022-08-18 17:50:43',4,202.50,NULL,3,89,0,0),(1515,'2023-06-15 10:18:33',5,266.00,NULL,3,63,0,0),(1516,'2022-11-05 10:17:47',4,174.50,NULL,3,77,0,0),(1517,'2022-10-02 16:22:26',1,63.50,NULL,2,5,0,0),(1518,'2023-10-08 16:15:45',1,28.00,NULL,3,98,0,0),(1519,'2021-06-08 15:50:49',5,258.50,NULL,2,225,0,0),(1520,'2023-11-19 15:37:36',5,188.00,NULL,2,206,0,0),(1522,'2021-03-05 16:10:07',5,155.50,NULL,2,210,0,0),(1523,'2022-07-19 20:27:33',1,63.50,111,1,129,6,0),(1524,'2022-06-01 15:18:57',4,211.00,NULL,1,62,8,0),(1525,'2023-10-08 19:04:45',4,220.00,NULL,1,73,10,0),(1526,'2023-09-26 09:39:35',3,103.50,NULL,3,142,0,0),(1527,'2023-05-18 10:04:30',4,205.50,NULL,2,215,0,0),(1528,'2021-08-22 15:41:51',3,149.00,NULL,3,201,0,0),(1529,'2022-04-19 18:07:02',2,117.00,NULL,1,36,4,0),(1530,'2022-04-14 10:09:55',2,44.00,NULL,3,159,0,0),(1531,'2023-08-02 12:49:10',2,117.00,NULL,2,140,0,0),(1532,'2022-10-29 17:16:09',3,159.00,NULL,1,208,5,0),(1533,'2022-10-16 20:26:37',2,110.00,NULL,3,186,0,0),(1534,'2021-11-10 15:39:30',3,131.50,NULL,3,144,0,0),(1535,'2022-12-16 14:42:54',4,180.50,NULL,3,185,0,0),(1536,'2021-04-14 19:14:42',1,28.00,NULL,2,132,0,0),(1537,'2023-01-12 10:34:01',1,63.50,96,1,26,4,0),(1538,'2022-08-20 15:33:33',3,67.00,NULL,2,191,0,0),(1539,'2021-09-01 14:53:35',5,272.50,NULL,3,14,0,0),(1540,'2022-10-16 19:15:14',4,141.50,NULL,2,196,0,0),(1541,'2021-09-22 13:14:54',3,163.00,NULL,3,162,0,0),(1542,'2021-05-14 10:12:58',4,208.00,NULL,3,69,0,0),(1544,'2021-10-17 11:16:25',2,119.50,72,1,173,6,0),(1545,'2021-07-06 18:29:44',4,151.50,83,1,214,8,0),(1546,'2021-12-06 19:41:38',2,121.00,NULL,3,32,0,0),(1547,'2021-08-14 13:08:46',4,168.50,NULL,3,23,0,0),(1548,'2022-09-09 16:37:05',5,234.50,NULL,3,194,0,0),(1549,'2023-10-10 19:27:40',3,108.00,NULL,2,189,0,0),(1550,'2022-02-05 13:00:05',4,175.50,NULL,1,183,6,0),(1551,'2023-02-24 12:44:26',5,226.50,NULL,3,120,0,0),(1552,'2021-12-26 15:12:32',2,78.50,NULL,1,209,10,0),(1553,'2021-06-14 09:09:51',4,191.00,NULL,3,102,0,0),(1554,'2023-02-04 13:29:05',5,243.50,NULL,3,175,0,0),(1555,'2021-05-11 08:36:43',3,153.00,NULL,3,206,0,0),(1556,'2022-09-19 17:51:36',5,162.50,144,1,39,2,0),(1557,'2021-02-28 16:29:24',2,102.50,NULL,2,188,0,0),(1558,'2022-05-25 09:48:57',5,137.00,140,1,58,9,0),(1559,'2021-10-15 13:53:35',2,99.00,NULL,1,176,8,0),(1560,'2023-10-28 17:00:15',5,287.00,NULL,3,169,0,0),(1561,'2023-03-21 13:31:41',5,246.50,NULL,2,81,0,0),(1562,'2023-09-06 09:34:49',1,22.00,NULL,3,126,0,0),(1563,'2022-02-23 21:29:53',4,168.50,NULL,3,16,0,0),(1564,'2021-01-14 09:31:30',1,24.00,NULL,3,121,0,0),(1565,'2022-07-16 17:56:09',5,202.00,NULL,3,173,0,0),(1566,'2022-05-17 09:14:02',4,140.50,NULL,2,136,0,0),(1567,'2023-11-07 11:26:32',5,239.50,NULL,1,137,5,0),(1568,'2023-12-29 13:56:41',2,91.50,NULL,3,183,0,0),(1569,'2022-08-09 16:19:03',5,219.50,NULL,2,142,0,0),(1570,'2021-09-05 19:23:08',1,57.50,112,1,147,6,0),(1571,'2021-05-13 19:30:03',4,175.00,NULL,3,83,0,0),(1572,'2023-10-28 18:59:22',1,56.00,NULL,3,140,0,0),(1573,'2023-05-12 08:23:45',2,91.50,NULL,2,183,0,0),(1574,'2022-07-17 10:54:27',5,217.50,NULL,1,82,10,0),(1575,'2023-11-30 17:01:34',1,21.00,NULL,2,206,0,0),(1576,'2021-11-01 19:15:26',3,170.00,NULL,3,197,0,0),(1577,'2023-03-24 19:07:13',1,46.50,NULL,2,53,0,0),(1578,'2023-05-29 18:36:05',1,32.00,NULL,3,12,0,0),(1579,'2021-01-28 14:35:05',5,187.50,NULL,1,167,7,0),(1580,'2021-10-02 12:10:29',3,142.00,NULL,3,37,0,0),(1581,'2021-01-04 09:13:52',2,73.50,NULL,2,162,0,0),(1582,'2022-06-04 09:03:44',4,127.00,NULL,2,219,0,0),(1583,'2023-11-30 14:26:51',4,143.50,NULL,2,126,0,0),(1584,'2022-10-01 14:17:57',1,63.50,NULL,1,182,1,0),(1585,'2022-06-01 08:56:27',4,149.00,NULL,2,152,0,0),(1586,'2021-01-29 11:24:22',3,141.00,NULL,2,136,0,0),(1587,'2022-05-16 13:40:52',2,68.50,NULL,3,111,0,0),(1588,'2021-01-25 15:27:09',5,209.50,232,1,227,7,0),(1589,'2023-08-01 19:46:03',3,163.00,44,1,46,9,0),(1590,'2023-05-16 08:01:56',1,21.00,NULL,3,195,0,0),(1591,'2023-09-22 08:50:58',4,105.00,NULL,1,48,3,0),(1592,'2021-09-28 14:04:11',2,78.00,NULL,3,215,0,0),(1593,'2021-12-05 11:56:23',1,49.50,NULL,1,110,10,0),(1594,'2022-01-08 19:18:29',3,120.00,NULL,2,22,0,0),(1596,'2023-05-22 15:11:25',3,101.00,121,1,64,7,0),(1598,'2022-05-14 11:18:42',1,63.50,NULL,3,200,0,0),(1599,'2022-01-10 19:58:01',5,194.00,NULL,2,9,0,0),(1600,'2023-05-25 16:44:57',5,216.00,NULL,3,82,0,0),(1601,'2022-01-11 15:41:01',3,136.00,NULL,1,177,3,0),(1602,'2022-07-12 20:34:46',4,183.50,NULL,2,144,0,0),(1603,'2021-09-29 12:54:56',5,174.50,NULL,1,13,9,0),(1604,'2022-10-13 18:43:34',3,178.50,NULL,1,126,3,0),(1605,'2022-05-04 12:55:52',2,93.00,NULL,2,159,0,0),(1606,'2022-01-22 18:48:29',5,166.50,NULL,3,46,0,0),(1607,'2023-06-06 08:44:54',3,187.00,NULL,2,3,0,0),(1608,'2021-04-27 16:22:02',1,21.00,NULL,2,89,0,0),(1609,'2023-10-27 13:28:13',5,198.50,NULL,3,24,0,0),(1610,'2023-02-26 10:37:44',2,45.00,NULL,2,65,0,0),(1611,'2022-09-30 15:47:45',4,154.50,NULL,1,199,5,0),(1612,'2021-03-21 20:01:29',3,139.50,NULL,1,32,1,0),(1613,'2021-06-06 09:01:25',5,179.00,238,1,220,3,0),(1614,'2021-06-15 18:10:16',1,28.00,NULL,3,186,0,0),(1615,'2022-02-22 13:37:09',3,92.50,180,1,228,8,0),(1616,'2023-02-07 10:22:12',3,135.50,NULL,1,113,6,0),(1617,'2023-04-08 18:10:53',1,49.50,NULL,3,117,0,0),(1618,'2021-01-13 21:27:31',4,171.50,NULL,3,94,0,0),(1619,'2022-06-16 18:50:09',1,49.50,NULL,3,20,0,0),(1620,'2022-01-25 10:27:37',3,173.50,NULL,3,191,0,0),(1621,'2022-10-04 17:31:33',2,91.50,104,1,120,7,0),(1622,'2022-11-28 18:03:24',3,113.50,NULL,3,60,0,0),(1623,'2022-08-20 12:28:37',4,160.00,NULL,2,62,0,0),(1624,'2023-11-28 15:56:34',1,28.00,NULL,3,72,0,0),(1625,'2022-09-07 11:59:33',1,22.00,NULL,2,135,0,0),(1626,'2023-07-22 15:40:05',3,117.00,NULL,2,15,0,0),(1627,'2023-12-09 12:34:37',5,155.50,NULL,2,171,0,0),(1628,'2021-04-08 15:23:57',4,211.00,NULL,2,143,0,0),(1629,'2023-12-10 13:56:52',4,129.50,NULL,1,118,8,0),(1630,'2022-03-19 09:48:05',3,91.50,NULL,2,23,0,0),(1631,'2022-12-29 14:11:35',4,184.50,NULL,2,117,0,0),(1632,'2022-01-16 10:07:36',4,149.00,NULL,3,150,0,0),(1633,'2022-08-30 20:23:26',5,244.00,NULL,1,57,7,0),(1634,'2021-05-09 12:37:45',1,28.00,NULL,2,188,0,0),(1635,'2021-05-18 14:28:07',2,95.50,NULL,1,78,6,0),(1636,'2023-12-16 13:18:10',5,207.00,NULL,2,198,0,0),(1637,'2022-01-31 19:40:22',1,46.50,NULL,3,17,0,0),(1638,'2022-11-19 11:27:36',2,102.50,NULL,1,216,7,0),(1639,'2022-11-22 13:29:06',4,142.00,99,1,81,7,0),(1640,'2022-05-24 12:21:51',4,191.50,NULL,3,123,0,0),(1641,'2023-12-31 15:53:09',1,67.50,NULL,2,52,0,0),(1642,'2022-12-27 09:20:32',1,63.50,73,1,128,9,0),(1643,'2021-05-24 19:29:15',2,104.00,NULL,2,94,0,0),(1644,'2021-03-30 14:08:01',3,77.00,NULL,2,73,0,0),(1645,'2023-08-22 09:55:48',4,156.00,NULL,3,192,0,0),(1646,'2021-06-28 08:50:46',5,231.00,NULL,1,114,5,0),(1647,'2021-08-20 19:59:45',3,153.50,NULL,2,171,0,0),(1648,'2021-10-30 09:59:40',3,156.50,NULL,3,137,0,0),(1649,'2021-07-31 17:40:10',2,88.00,NULL,1,136,6,0),(1650,'2021-09-23 14:50:55',3,177.00,NULL,3,86,0,0),(1651,'2022-12-10 09:01:41',4,212.50,NULL,3,165,0,0),(1652,'2022-12-04 11:06:51',5,218.50,NULL,3,71,0,0),(1653,'2021-11-01 18:51:59',2,87.50,155,1,98,2,0),(1654,'2022-12-15 12:44:53',3,101.50,98,1,49,8,0),(1655,'2023-11-17 09:29:18',2,50.00,NULL,3,197,0,0),(1656,'2023-12-25 09:17:10',3,67.00,NULL,2,57,0,0),(1657,'2022-10-31 10:34:04',3,130.50,NULL,1,145,8,0),(1658,'2022-09-14 09:30:05',3,101.50,NULL,2,48,0,0),(1659,'2023-03-08 16:35:44',1,32.00,NULL,1,143,2,0),(1660,'2021-03-28 13:30:09',5,229.50,142,1,29,5,0),(1661,'2022-07-02 12:02:26',4,195.50,NULL,2,153,0,0),(1662,'2023-05-18 14:35:45',5,225.00,NULL,3,176,0,0),(1663,'2021-06-17 10:00:50',3,123.50,NULL,2,96,0,0),(1664,'2023-02-21 17:50:46',2,67.50,NULL,1,80,5,0),(1665,'2022-09-30 18:11:59',1,67.50,NULL,3,92,0,0),(1666,'2023-06-05 10:39:45',5,216.50,NULL,3,190,0,0),(1667,'2023-08-14 09:55:48',1,46.50,218,1,168,7,0),(1668,'2021-10-14 10:41:15',2,78.50,NULL,1,22,4,0),(1669,'2023-10-14 10:32:04',1,46.50,NULL,1,41,10,0),(1670,'2021-06-30 18:56:51',2,77.00,NULL,1,19,6,0),(1671,'2023-07-06 14:04:56',4,104.00,NULL,2,152,0,0),(1672,'2022-09-21 18:02:56',1,28.00,NULL,3,142,0,0),(1673,'2023-10-21 20:08:25',4,171.00,NULL,2,10,0,0),(1674,'2021-04-17 15:07:45',5,191.00,NULL,2,112,0,0),(1675,'2021-11-08 15:56:57',2,77.00,NULL,3,221,0,0),(1676,'2022-11-18 21:14:01',4,120.50,NULL,3,27,0,0),(1677,'2021-11-17 17:06:45',2,70.50,NULL,3,181,0,0),(1678,'2022-11-15 13:58:08',1,46.50,103,1,25,6,0),(1679,'2023-01-26 10:23:19',5,195.00,NULL,1,41,1,0),(1680,'2021-01-02 15:10:03',5,180.00,NULL,2,161,0,0),(1681,'2022-10-07 10:31:07',5,207.50,NULL,2,40,0,0),(1683,'2021-11-05 11:34:13',3,138.00,NULL,2,123,0,0);
/*!40000 ALTER TABLE `Orders` ENABLE KEYS */;
UNLOCK TABLES;

--
-- Table structure for table `PositionCategory`
--

DROP TABLE IF EXISTS `PositionCategory`;
/*!40101 SET @saved_cs_client     = @@character_set_client */;
/*!50503 SET character_set_client = utf8mb4 */;
CREATE TABLE `PositionCategory` (
  `PositionCategoryID` int NOT NULL AUTO_INCREMENT,
  `Category` varchar(45) NOT NULL,
  PRIMARY KEY (`PositionCategoryID`)
) ENGINE=InnoDB AUTO_INCREMENT=6 DEFAULT CHARSET=utf8mb3;
/*!40101 SET character_set_client = @saved_cs_client */;

--
-- Dumping data for table `PositionCategory`
--

LOCK TABLES `PositionCategory` WRITE;
/*!40000 ALTER TABLE `PositionCategory` DISABLE KEYS */;
INSERT INTO `PositionCategory` VALUES (1,'Starter'),(2,'Salad'),(3,'Main'),(4,'Dessert'),(5,'Drink');
/*!40000 ALTER TABLE `PositionCategory` ENABLE KEYS */;
UNLOCK TABLES;

--
-- Table structure for table `Positions`
--

DROP TABLE IF EXISTS `Positions`;
/*!40101 SET @saved_cs_client     = @@character_set_client */;
/*!50503 SET character_set_client = utf8mb4 */;
CREATE TABLE `Positions` (
  `PositionID` int NOT NULL AUTO_INCREMENT,
  `Name` varchar(100) NOT NULL,
  `Price` varchar(45) DEFAULT NULL,
  `CategoryID` int NOT NULL,
  PRIMARY KEY (`PositionID`),
  KEY `fk_Positions_1_idx` (`CategoryID`),
  CONSTRAINT `fk_Positions_1` FOREIGN KEY (`CategoryID`) REFERENCES `PositionCategory` (`PositionCategoryID`)
) ENGINE=InnoDB AUTO_INCREMENT=55 DEFAULT CHARSET=utf8mb3;
/*!40101 SET character_set_client = @saved_cs_client */;

--
-- Dumping data for table `Positions`
--

LOCK TABLES `Positions` WRITE;
/*!40000 ALTER TABLE `Positions` DISABLE KEYS */;
INSERT INTO `Positions` VALUES (1,'Bruschetta','5',1),(2,'Caprese Salad','7',2),(3,'Carbonara','12',3),(4,'Shrimp Risotto','14',3),(5,'Tiramisu','8',4),(6,'Prosecco','4',5),(7,'Foie Gras','15',1),(8,'Ratatouille','10',3),(9,'Crme Brle','7',4),(10,'Sushi','12',1),(11,'Ramen','11',3),(12,'Matcha Ice Cream','5',4),(13,'Tacos','8',1),(14,'Guacamole','8',2),(15,'Churros','5',4),(16,'Tapenade','5.50',1),(17,'Bouillabaisse','15.50',3),(18,'Salad Nioise','10',2),(19,'Tarte Tropzienne','6.50',4),(20,'Lavender Lemonade','3.50',5),(21,'Ros Wine from Provence','5.50',5),(22,'Escargot','5',1),(23,'Duck Confit','18',3),(24,'French Onion Soup','10.50',1),(25,'Ceviche','5',1),(26,'Tuna Tostada','4.50',1),(27,'Chicken Mole','17.50',3),(28,'Elote','8.50',2),(29,'Avocado Ice Cream','7',4),(30,'Horchata','8',5),(31,'Paloma Cocktail','7',5),(32,'Chorizo Empanadas','8',1),(33,'Barbacoa','19.50',3),(34,'Grilled Corn Salad','10.50',2),(35,'Flan','8',4),(36,'Mezcal Margarita','9.50',5),(37,'Michelada','8',5),(38,'Takoyaki','7.50',1),(39,'Okonomiyaki','17.50',3),(40,'Green Tea Mochi','8',4),(41,'Sake','9.50',5),(42,'Genmaicha Tea','7',5),(43,'Sashimi','6.50',1),(44,'Sukiyaki','19',3),(45,'Matcha Cheesecake','7',4),(46,'Yuzu Highball','15.50',5),(47,'Matcha Latte','8',5),(48,'Champagne','15',5),(49,'French 75 Cocktail','12',5),(50,'Antipasto Misto','7',1),(51,'Risotto al Nero di Sepia','17',3),(52,'Insalata Caprese','8.50',2),(54,'Aperol Spritz','10.50',5);
/*!40000 ALTER TABLE `Positions` ENABLE KEYS */;
UNLOCK TABLES;

--
-- Table structure for table `Staff`
--

DROP TABLE IF EXISTS `Staff`;
/*!40101 SET @saved_cs_client     = @@character_set_client */;
/*!50503 SET character_set_client = utf8mb4 */;
CREATE TABLE `Staff` (
  `EmployeeID` int NOT NULL AUTO_INCREMENT,
  `Role` varchar(45) NOT NULL,
  `AnnualSalary` decimal(10,2) NOT NULL,
  `EmployeeName` varchar(100) NOT NULL,
  PRIMARY KEY (`EmployeeID`)
) ENGINE=InnoDB AUTO_INCREMENT=9 DEFAULT CHARSET=utf8mb3;
/*!40101 SET character_set_client = @saved_cs_client */;

--
-- Dumping data for table `Staff`
--

LOCK TABLES `Staff` WRITE;
/*!40000 ALTER TABLE `Staff` DISABLE KEYS */;
INSERT INTO `Staff` VALUES (1,'Manager',67000.00,'John Tyler'),(2,'Chef',55000.00,'Emily Johnson'),(3,'Assistant Chef',45000.00,'William Wilson'),(4,'Waiter',35000.00,'Michael Dawkins'),(5,'Waiter',35000.00,'Sean Johns'),(6,'Host',28000.00,'Sarah Davis'),(7,'Host',25000.00,'Henry McAllister'),(8,'Courier',25000.00,'Josh Kovalsky');
/*!40000 ALTER TABLE `Staff` ENABLE KEYS */;
UNLOCK TABLES;

--
-- Table structure for table `Tables`
--

DROP TABLE IF EXISTS `Tables`;
/*!40101 SET @saved_cs_client     = @@character_set_client */;
/*!50503 SET character_set_client = utf8mb4 */;
CREATE TABLE `Tables` (
  `TableID` int NOT NULL AUTO_INCREMENT,
  `NumberOfPersons` int NOT NULL,
  `Location` varchar(45) DEFAULT NULL,
  PRIMARY KEY (`TableID`)
) ENGINE=InnoDB AUTO_INCREMENT=11 DEFAULT CHARSET=utf8mb3;
/*!40101 SET character_set_client = @saved_cs_client */;

--
-- Dumping data for table `Tables`
--

LOCK TABLES `Tables` WRITE;
/*!40000 ALTER TABLE `Tables` DISABLE KEYS */;
INSERT INTO `Tables` VALUES (1,2,'Sidewalk Caf'),(2,4,'Sidewalk Caf'),(3,4,'Main Dining Room'),(4,4,'Main Dining Room'),(5,2,'Main Dining Room'),(6,6,'Main Dining Room'),(7,2,'Main Dining Room'),(8,4,'Garden'),(9,2,'Garden'),(10,2,'Garden');
/*!40000 ALTER TABLE `Tables` ENABLE KEYS */;
UNLOCK TABLES;

--
-- Dumping events for database 'little_lemon_capstone_project'
--

--
-- Dumping routines for database 'little_lemon_capstone_project'
--
/*!50003 DROP PROCEDURE IF EXISTS `AddBooking` */;
/*!50003 SET @saved_cs_client      = @@character_set_client */ ;
/*!50003 SET @saved_cs_results     = @@character_set_results */ ;
/*!50003 SET @saved_col_connection = @@collation_connection */ ;
/*!50003 SET character_set_client  = utf8mb4 */ ;
/*!50003 SET character_set_results = utf8mb4 */ ;
/*!50003 SET collation_connection  = utf8mb4_0900_ai_ci */ ;
/*!50003 SET @saved_sql_mode       = @@sql_mode */ ;
/*!50003 SET sql_mode              = 'ONLY_FULL_GROUP_BY,STRICT_TRANS_TABLES,NO_ZERO_IN_DATE,NO_ZERO_DATE,ERROR_FOR_DIVISION_BY_ZERO,NO_ENGINE_SUBSTITUTION' */ ;
DELIMITER ;;
CREATE DEFINER=`db_capstone_user`@`%` PROCEDURE `AddBooking`(IN customer_id INT, IN booking_date DATETIME, IN table_number INT, IN employee_id INT)
BEGIN
INSERT INTO Bookings (TableNumber, BookingDate, CustomerID, EmployeeID)
VALUES (table_number, booking_date, customer_id, employee_id);
END ;;
DELIMITER ;
/*!50003 SET sql_mode              = @saved_sql_mode */ ;
/*!50003 SET character_set_client  = @saved_cs_client */ ;
/*!50003 SET character_set_results = @saved_cs_results */ ;
/*!50003 SET collation_connection  = @saved_col_connection */ ;
/*!50003 DROP PROCEDURE IF EXISTS `AddValidBooking` */;
/*!50003 SET @saved_cs_client      = @@character_set_client */ ;
/*!50003 SET @saved_cs_results     = @@character_set_results */ ;
/*!50003 SET @saved_col_connection = @@collation_connection */ ;
/*!50003 SET character_set_client  = utf8mb4 */ ;
/*!50003 SET character_set_results = utf8mb4 */ ;
/*!50003 SET collation_connection  = utf8mb4_0900_ai_ci */ ;
/*!50003 SET @saved_sql_mode       = @@sql_mode */ ;
/*!50003 SET sql_mode              = 'ONLY_FULL_GROUP_BY,STRICT_TRANS_TABLES,NO_ZERO_IN_DATE,NO_ZERO_DATE,ERROR_FOR_DIVISION_BY_ZERO,NO_ENGINE_SUBSTITUTION' */ ;
DELIMITER ;;
CREATE DEFINER=`db_capstone_user`@`%` PROCEDURE `AddValidBooking`(IN table_id INT, IN booking_received_at DATETIME, IN asked_time DATETIME, IN customer_id INT, IN employee_id INT)
BEGIN
DECLARE check_if_booked INT;
START TRANSACTION;
INSERT INTO Bookings (TableNumber, BookingReceivedAt, BookingDate, CustomerID, EmployeeID)
VALUES (table_id, booking_received_at, asked_time, customer_id, employee_id);
SELECT COUNT(*) INTO check_if_booked 
FROM Bookings 
WHERE TableNumber = table_id
AND (BookingDate BETWEEN SUBDATE(asked_time, INTERVAL 90 MINUTE) AND ADDDATE(asked_time, INTERVAL 90 MINUTE));
SELECT check_if_booked;
IF check_if_booked > 1
THEN SELECT "The table is already booked" AS Message;
ROLLBACK;
ELSE 
SELECT "The booking was succesful";
COMMIT;
END IF;
END ;;
DELIMITER ;
/*!50003 SET sql_mode              = @saved_sql_mode */ ;
/*!50003 SET character_set_client  = @saved_cs_client */ ;
/*!50003 SET character_set_results = @saved_cs_results */ ;
/*!50003 SET collation_connection  = @saved_col_connection */ ;
/*!50003 DROP PROCEDURE IF EXISTS `CancelBooking` */;
/*!50003 SET @saved_cs_client      = @@character_set_client */ ;
/*!50003 SET @saved_cs_results     = @@character_set_results */ ;
/*!50003 SET @saved_col_connection = @@collation_connection */ ;
/*!50003 SET character_set_client  = utf8mb4 */ ;
/*!50003 SET character_set_results = utf8mb4 */ ;
/*!50003 SET collation_connection  = utf8mb4_0900_ai_ci */ ;
/*!50003 SET @saved_sql_mode       = @@sql_mode */ ;
/*!50003 SET sql_mode              = 'ONLY_FULL_GROUP_BY,STRICT_TRANS_TABLES,NO_ZERO_IN_DATE,NO_ZERO_DATE,ERROR_FOR_DIVISION_BY_ZERO,NO_ENGINE_SUBSTITUTION' */ ;
DELIMITER ;;
CREATE DEFINER=`db_capstone_user`@`%` PROCEDURE `CancelBooking`(IN booking_id INT)
BEGIN
DELETE FROM Bookings 
WHERE BookingID = booking_id;
END ;;
DELIMITER ;
/*!50003 SET sql_mode              = @saved_sql_mode */ ;
/*!50003 SET character_set_client  = @saved_cs_client */ ;
/*!50003 SET character_set_results = @saved_cs_results */ ;
/*!50003 SET collation_connection  = @saved_col_connection */ ;
/*!50003 DROP PROCEDURE IF EXISTS `CancelOrder` */;
/*!50003 SET @saved_cs_client      = @@character_set_client */ ;
/*!50003 SET @saved_cs_results     = @@character_set_results */ ;
/*!50003 SET @saved_col_connection = @@collation_connection */ ;
/*!50003 SET character_set_client  = utf8mb4 */ ;
/*!50003 SET character_set_results = utf8mb4 */ ;
/*!50003 SET collation_connection  = utf8mb4_0900_ai_ci */ ;
/*!50003 SET @saved_sql_mode       = @@sql_mode */ ;
/*!50003 SET sql_mode              = 'ONLY_FULL_GROUP_BY,STRICT_TRANS_TABLES,NO_ZERO_IN_DATE,NO_ZERO_DATE,ERROR_FOR_DIVISION_BY_ZERO,NO_ENGINE_SUBSTITUTION' */ ;
DELIMITER ;;
CREATE DEFINER=`db_capstone_user`@`%` PROCEDURE `CancelOrder`(IN order_id INT)
BEGIN
UPDATE Orders
SET IsDeleted = TRUE
WHERE OrderID = order_id;
INSERT INTO OrderStatusLog (OrderID, StatusID)
VALUES (order_id, 7);
SELECT CONCAT("Order ", order_id, " is cancelled") AS Confirmation;
END ;;
DELIMITER ;
/*!50003 SET sql_mode              = @saved_sql_mode */ ;
/*!50003 SET character_set_client  = @saved_cs_client */ ;
/*!50003 SET character_set_results = @saved_cs_results */ ;
/*!50003 SET collation_connection  = @saved_col_connection */ ;
/*!50003 DROP PROCEDURE IF EXISTS `CheckBooking` */;
/*!50003 SET @saved_cs_client      = @@character_set_client */ ;
/*!50003 SET @saved_cs_results     = @@character_set_results */ ;
/*!50003 SET @saved_col_connection = @@collation_connection */ ;
/*!50003 SET character_set_client  = utf8mb4 */ ;
/*!50003 SET character_set_results = utf8mb4 */ ;
/*!50003 SET collation_connection  = utf8mb4_0900_ai_ci */ ;
/*!50003 SET @saved_sql_mode       = @@sql_mode */ ;
/*!50003 SET sql_mode              = 'ONLY_FULL_GROUP_BY,STRICT_TRANS_TABLES,NO_ZERO_IN_DATE,NO_ZERO_DATE,ERROR_FOR_DIVISION_BY_ZERO,NO_ENGINE_SUBSTITUTION' */ ;
DELIMITER ;;
CREATE DEFINER=`db_capstone_user`@`%` PROCEDURE `CheckBooking`(IN asked_time DATETIME, IN table_id INT)
BEGIN
SELECT 
CASE
	WHEN 
    EXISTS (SELECT 1 
    FROM Bookings 
    WHERE TableNumber = table_id 
    AND BookingDate BETWEEN subdate(asked_time, INTERVAL 30 MINUTE) AND adddate(asked_time, INTERVAL 90 MINUTE))
    THEN CONCAT("Table ", table_id, " is already booked")
    ELSE "Free"
END AS Booking;
END ;;
DELIMITER ;
/*!50003 SET sql_mode              = @saved_sql_mode */ ;
/*!50003 SET character_set_client  = @saved_cs_client */ ;
/*!50003 SET character_set_results = @saved_cs_results */ ;
/*!50003 SET collation_connection  = @saved_col_connection */ ;
/*!50003 DROP PROCEDURE IF EXISTS `GetMaxQuantity` */;
/*!50003 SET @saved_cs_client      = @@character_set_client */ ;
/*!50003 SET @saved_cs_results     = @@character_set_results */ ;
/*!50003 SET @saved_col_connection = @@collation_connection */ ;
/*!50003 SET character_set_client  = utf8mb4 */ ;
/*!50003 SET character_set_results = utf8mb4 */ ;
/*!50003 SET collation_connection  = utf8mb4_0900_ai_ci */ ;
/*!50003 SET @saved_sql_mode       = @@sql_mode */ ;
/*!50003 SET sql_mode              = 'ONLY_FULL_GROUP_BY,STRICT_TRANS_TABLES,NO_ZERO_IN_DATE,NO_ZERO_DATE,ERROR_FOR_DIVISION_BY_ZERO,NO_ENGINE_SUBSTITUTION' */ ;
DELIMITER ;;
CREATE DEFINER=`db_capstone_user`@`%` PROCEDURE `GetMaxQuantity`()
BEGIN
SELECT o.OrderID, COUNT(p.Name) AS PositionsQuantity
FROM Orders AS o
JOIN MenuOrder AS mo
ON o.OrderID = mo.OrderID
JOIN Menus AS m
ON mo.MenuID = m.MenuID
JOIN MenuPosition AS mp
ON m.MenuID = mp.MenuID
JOIN Positions AS p
ON mp.PositionID = p.PositionID
GROUP BY o.OrderID
ORDER BY PositionsQuantity DESC
LIMIT 1;
END ;;
DELIMITER ;
/*!50003 SET sql_mode              = @saved_sql_mode */ ;
/*!50003 SET character_set_client  = @saved_cs_client */ ;
/*!50003 SET character_set_results = @saved_cs_results */ ;
/*!50003 SET collation_connection  = @saved_col_connection */ ;
/*!50003 DROP PROCEDURE IF EXISTS `PlaceAnOrder` */;
/*!50003 SET @saved_cs_client      = @@character_set_client */ ;
/*!50003 SET @saved_cs_results     = @@character_set_results */ ;
/*!50003 SET @saved_col_connection = @@collation_connection */ ;
/*!50003 SET character_set_client  = utf8mb4 */ ;
/*!50003 SET character_set_results = utf8mb4 */ ;
/*!50003 SET collation_connection  = utf8mb4_0900_ai_ci */ ;
/*!50003 SET @saved_sql_mode       = @@sql_mode */ ;
/*!50003 SET sql_mode              = 'ONLY_FULL_GROUP_BY,STRICT_TRANS_TABLES,NO_ZERO_IN_DATE,NO_ZERO_DATE,ERROR_FOR_DIVISION_BY_ZERO,NO_ENGINE_SUBSTITUTION' */ ;
DELIMITER ;;
CREATE DEFINER=`db_capstone_user`@`%` PROCEDURE `PlaceAnOrder`(IN asked_time TIMESTAMP, IN quantity INT, IN order_type INT, IN customer_id INT, IN table_id INT, IN is_deleted TINYINT)
BEGIN
DECLARE check_if_booked INT;
DECLARE check_if_free INT;
START TRANSACTION;
INSERT INTO Orders (OrderDate, Quantity, OrderTypeID, CustomerID, TableNumber, IsDeleted)
VALUES (asked_time, quantity, order_type, customer_id, table_id, is_deleted);
SELECT COUNT(*) INTO check_if_booked 
FROM Bookings 
WHERE TableNumber = table_id
AND (BookingDate BETWEEN SUBDATE(asked_time, INTERVAL 90 MINUTE) AND ADDDATE(asked_time, INTERVAL 90 MINUTE));
SELECT check_if_booked;
SELECT COUNT(*) INTO check_if_free
FROM Orders
WHERE TableNumber = table_id
AND (OrderDate BETWEEN SUBDATE(asked_time, INTERVAL 90 MINUTE) AND ADDDATE(asked_time, INTERVAL 90 MINUTE)); 
SELECT check_if_free;
IF check_if_booked > 1 OR check_if_free > 1
THEN SELECT "The table is already booked" AS Message;
ROLLBACK;
ELSE 
SELECT "The booking was succesful";
COMMIT;
END IF;
END ;;
DELIMITER ;
/*!50003 SET sql_mode              = @saved_sql_mode */ ;
/*!50003 SET character_set_client  = @saved_cs_client */ ;
/*!50003 SET character_set_results = @saved_cs_results */ ;
/*!50003 SET collation_connection  = @saved_col_connection */ ;
/*!50003 DROP PROCEDURE IF EXISTS `UpdateBooking` */;
/*!50003 SET @saved_cs_client      = @@character_set_client */ ;
/*!50003 SET @saved_cs_results     = @@character_set_results */ ;
/*!50003 SET @saved_col_connection = @@collation_connection */ ;
/*!50003 SET character_set_client  = utf8mb4 */ ;
/*!50003 SET character_set_results = utf8mb4 */ ;
/*!50003 SET collation_connection  = utf8mb4_0900_ai_ci */ ;
/*!50003 SET @saved_sql_mode       = @@sql_mode */ ;
/*!50003 SET sql_mode              = 'ONLY_FULL_GROUP_BY,STRICT_TRANS_TABLES,NO_ZERO_IN_DATE,NO_ZERO_DATE,ERROR_FOR_DIVISION_BY_ZERO,NO_ENGINE_SUBSTITUTION' */ ;
DELIMITER ;;
CREATE DEFINER=`db_capstone_user`@`%` PROCEDURE `UpdateBooking`(IN booking_id INT, IN booking_date DATETIME)
BEGIN
UPDATE Bookings
SET BookingDate = booking_date
WHERE BookingID = booking_id;
END ;;
DELIMITER ;
/*!50003 SET sql_mode              = @saved_sql_mode */ ;
/*!50003 SET character_set_client  = @saved_cs_client */ ;
/*!50003 SET character_set_results = @saved_cs_results */ ;
/*!50003 SET collation_connection  = @saved_col_connection */ ;
/*!40103 SET TIME_ZONE=@OLD_TIME_ZONE */;

/*!40101 SET SQL_MODE=@OLD_SQL_MODE */;
/*!40014 SET FOREIGN_KEY_CHECKS=@OLD_FOREIGN_KEY_CHECKS */;
/*!40014 SET UNIQUE_CHECKS=@OLD_UNIQUE_CHECKS */;
/*!40101 SET CHARACTER_SET_CLIENT=@OLD_CHARACTER_SET_CLIENT */;
/*!40101 SET CHARACTER_SET_RESULTS=@OLD_CHARACTER_SET_RESULTS */;
/*!40101 SET COLLATION_CONNECTION=@OLD_COLLATION_CONNECTION */;
/*!40111 SET SQL_NOTES=@OLD_SQL_NOTES */;

-- Dump completed on 2024-04-28 12:03:07
